,Code,Time,d_Negative,d_Positive,d_Uncertainty,d_Litigious,d_StrongModal,d_Constraining,d_Pos_26,d_Neg_26,qa_Negative,qa_Positive,qa_Uncertainty,qa_Litigious,qa_StrongModal,qa_Constraining,qa_Pos_26,qa_Neg_26
0,EA_8199,2012-10-30 13:00:00.000000,33,81,23,0,29,3,678,90,50,118,31,1,21,6,906,180
1,EA_8172,2017-05-09 13:00:00.000000,13,63,19,0,24,2,564,48,66,77,53,1,33,3,402,168
2,EA_8040,2018-01-30 12:00:00.000000,17,57,21,2,36,8,450,54,50,127,67,0,33,9,414,156
3,EA_7719,2014-10-28 13:00:00.000000,8,56,19,2,20,3,642,36,54,71,38,5,33,3,348,150
4,EA_8039,2017-10-31 13:00:00.000000,12,51,18,0,25,0,510,60,61,112,92,1,35,4,654,234
5,EA_8048,2020-01-30 12:00:00.000000,7,67,20,0,11,2,462,12,57,167,53,2,47,5,324,228
6,EA_8044,2019-02-05 12:00:00.000000,44,91,29,1,32,3,438,66,43,121,65,4,54,4,276,216
7,EA_7713,2013-05-07 13:00:00.000000,26,59,40,4,41,4,870,114,41,66,43,2,19,3,558,180
8,EA_8042,2018-07-26 13:00:00.000000,12,65,13,1,23,1,330,30,67,131,81,0,33,1,384,222
9,EA_8046,2019-07-30 13:00:00.000000,6,104,19,1,23,2,456,42,39,75,53,2,26,3,192,186
10,EA_7715,2013-10-29 13:00:00.000000,15,72,18,2,21,9,738,66,32,106,64,0,34,5,366,204
11,EA_8047,2019-10-29 13:00:00.000000,13,72,17,0,34,0,468,30,37,92,58,3,33,4,306,180
12,EA_8173,2017-01-31 12:00:00.000000,11,67,25,1,34,4,558,66,51,84,52,3,28,8,396,174
13,EA_8045,2019-05-07 13:00:00.000000,11,79,26,0,29,5,564,12,44,87,68,2,32,3,282,168
14,EA_7712,2013-01-30 12:00:00.000000,34,93,34,1,32,0,1068,102,54,105,69,7,24,5,402,132
15,EA_7897,2016-01-28 12:00:00.000000,15,63,19,1,17,5,552,48,48,71,67,2,38,5,426,228
16,EA_8231,2012-05-07 13:00:00.000000,27,121,35,5,44,1,1362,96,56,82,33,7,17,2,624,156
17,EA_7895,2015-07-30 13:00:00.000000,13,48,18,0,11,0,546,48,47,125,44,6,21,2,696,210
18,EA_8171,2017-07-27 13:00:00.000000,6,57,11,1,37,6,360,24,48,120,55,0,26,5,450,120
19,EA_7714,2013-07-23 13:00:00.000000,14,48,19,2,25,7,594,60,40,72,57,2,28,7,648,168
20,EA_7716,2014-01-28 12:00:00.000000,23,54,15,1,16,3,762,90,66,117,48,6,30,4,648,168
21,EA_7718,2014-07-22 13:00:00.000000,14,61,18,3,25,7,474,42,41,108,54,4,24,6,492,192
22,EA_7896,2015-10-29 13:00:00.000000,10,53,21,0,17,2,546,36,48,75,52,1,20,2,486,132
23,EA_7720,2015-01-27 12:00:00.000000,9,57,21,1,22,2,600,54,50,112,70,1,39,2,678,258
24,EA_7894,2015-05-05 13:00:00.000000,19,91,49,0,35,3,882,42,50,91,59,1,28,2,468,108
25,EA_7898,2016-05-10 13:00:00.000000,12,63,30,0,23,1,702,66,34,117,64,5,28,1,516,84
26,EA_8043,2018-10-30 13:00:00.000000,18,61,18,0,26,2,528,42,56,132,57,0,40,3,402,174
27,EA_8041,2018-05-08 13:00:00.000000,17,63,30,2,37,9,600,36,63,81,54,7,40,5,414,144
28,EA_8230,2012-02-01 12:00:00.000000,27,88,35,0,16,0,816,90,42,109,53,1,30,4,504,198
29,EBAY_8163,2018-04-25 13:00:00.000000,2,54,22,2,19,5,702,24,42,64,39,1,20,3,246,96
30,EBAY_8157,2019-10-23 13:00:00.000000,15,59,27,5,29,10,942,30,54,49,30,1,27,8,384,210
31,EBAY_7931,2016-10-19 14:30:00.000000,12,85,20,2,14,1,816,30,45,72,45,2,26,2,462,186
32,EBAY_7929,2016-04-26 13:00:00.000000,19,101,20,0,25,7,666,72,81,89,37,2,30,3,420,174
33,EBAY_8162,2018-07-18 13:00:00.000000,19,55,36,8,22,5,732,36,55,82,38,0,43,1,372,210
34,EBAY_8164,2018-01-31 12:00:00.000000,10,87,39,2,38,3,1176,66,28,62,43,1,32,4,300,120
35,EBAY_7758,2013-10-16 13:00:00.000000,12,82,29,3,19,2,792,36,40,99,58,1,50,3,462,174
36,EBAY_7760,2014-04-29 13:00:00.000000,18,73,19,2,18,5,684,42,31,104,30,0,31,3,564,186
37,EBAY_7763,2015-01-22 12:00:00.000000,43,112,41,1,24,1,984,54,40,58,28,0,19,3,564,156
38,EBAY_8160,2019-01-30 12:00:00.000000,13,67,35,1,42,7,984,42,49,82,34,1,44,2,456,222
39,EBAY_7757,2013-07-17 13:00:00.000000,11,93,19,5,8,2,780,36,41,60,41,4,29,1,432,168
40,EBAY_8156,2020-01-28 12:00:00.000000,19,76,36,0,27,10,1176,42,37,59,35,3,12,2,222,144
41,EBAY_7935,2017-10-18 13:00:00.000000,4,69,28,1,16,1,762,36,45,65,31,0,20,7,276,162
42,EBAY_8158,2019-07-17 13:00:00.000000,11,71,20,4,17,5,1026,30,33,70,42,5,29,5,336,198
43,EBAY_7577,2012-10-17 13:00:00.000000,5,109,22,2,7,2,780,18,28,96,49,1,28,4,468,264
44,EBAY_7934,2017-07-20 13:00:00.000000,11,85,21,2,26,4,846,42,48,71,28,0,28,4,396,156
45,EBAY_7759,2014-01-22 12:00:00.000000,24,87,37,2,28,4,852,48,38,50,41,0,28,2,438,84
46,EBAY_7927,2015-10-21 13:00:00.000000,12,68,24,0,10,3,504,36,72,105,42,3,18,6,480,210
47,EBAY_7762,2014-10-15 13:00:00.000000,23,61,23,0,24,2,636,36,51,67,48,3,26,0,528,126
48,EBAY_7574,2012-01-18 12:00:00.000000,19,112,34,3,18,3,1092,66,38,88,30,1,17,3,516,132
49,EBAY_7932,2017-01-25 12:00:00.000000,18,103,32,7,40,3,984,48,52,69,45,2,45,5,456,264
50,EBAY_7765,2015-07-16 04:00:00.000000,39,165,46,2,48,5,1308,96,42,92,39,2,11,5,582,120
51,EBAY_7578,2013-01-16 12:00:00.000000,7,105,27,2,10,2,852,42,30,68,27,2,31,1,654,138
52,EBAY_7928,2016-01-27 11:30:00.000000,19,77,21,0,27,2,684,66,68,79,66,0,20,5,462,180
53,EBAY_7930,2016-07-20 13:00:00.000000,15,95,27,0,31,5,768,60,69,80,45,5,13,6,402,216
54,EBAY_7576,2012-07-18 13:00:00.000000,16,102,28,3,14,3,858,60,36,40,41,2,11,1,456,180
55,EBAY_7575,2012-04-18 13:00:00.000000,9,99,22,5,9,2,792,54,42,97,40,9,24,7,534,156
56,EBAY_7764,2015-04-22 13:00:00.000000,18,135,33,2,37,5,1008,48,39,66,30,10,19,2,414,108
57,ECL_7920,2016-05-03 09:00:00.000000,12,51,16,0,9,0,222,24,130,157,95,2,47,5,768,540
58,ECL_7921,2016-08-02 09:00:00.000000,17,42,15,0,7,0,222,48,101,100,88,8,30,4,468,330
59,ECL_7749,2013-02-26 08:00:00.000000,39,171,14,2,17,2,1032,48,64,87,38,3,21,2,510,210
60,ECL_7751,2013-07-30 09:00:00.000000,26,150,9,0,10,0,900,66,68,109,64,3,36,3,630,210
61,ECL_7752,2013-10-29 09:00:00.000000,24,151,10,0,3,0,900,54,71,144,48,4,30,5,930,306
62,ECL_7750,2013-04-30 09:00:00.000000,36,142,17,0,5,0,996,66,76,109,73,5,24,4,498,342
63,ECL_7561,2012-05-01 09:00:00.000000,29,152,17,0,11,0,1026,66,71,148,72,13,39,9,816,330
64,ECL_7924,2017-05-02 09:00:00.000000,13,21,18,0,5,1,150,24,117,160,54,5,34,2,570,426
65,ECL_7753,2014-02-21 08:00:00.000000,34,152,11,2,10,2,930,60,65,117,43,3,44,1,798,342
66,ECL_8078,2019-10-29 09:00:00.000000,9,41,8,0,10,0,180,12,83,81,39,5,34,0,396,288
67,ECL_7756,2014-10-28 09:00:00.000000,35,134,17,0,5,1,876,66,101,102,68,3,29,1,450,228
68,ECL_8072,2018-05-01 09:00:00.000000,2,34,10,0,7,0,216,0,101,143,85,5,54,3,720,342
69,ECL_8073,2018-07-31 09:00:00.000000,5,39,8,0,6,0,306,12,106,170,71,4,50,2,912,414
70,ECL_7562,2012-07-31 09:00:00.000000,33,162,12,0,10,0,1116,42,114,107,70,5,29,2,606,294
71,ECL_7915,2015-02-24 08:00:00.000000,43,170,19,0,26,1,1098,48,103,110,71,1,32,2,516,348
72,ECL_8071,2018-02-20 08:00:00.000000,5,49,7,1,4,0,288,6,110,161,95,6,70,4,924,546
73,ECL_8075,2019-02-19 08:00:00.000000,4,37,8,0,4,0,198,6,100,149,71,3,72,5,846,312
74,ECL_7916,2015-04-28 09:30:00.000000,44,158,23,0,18,1,990,66,82,131,74,8,48,6,612,282
75,ECL_8074,2018-10-30 09:00:00.000000,6,33,9,0,7,0,234,6,77,109,62,2,42,4,408,276
76,ECL_7926,2017-10-31 09:00:00.000000,10,34,8,1,7,1,174,12,113,125,51,9,35,4,522,372
77,ECL_7923,2017-02-21 08:00:00.000000,15,36,11,0,8,0,198,30,92,163,60,4,41,3,708,276
78,ECL_7755,2014-07-29 09:00:00.000000,31,137,17,0,7,0,834,48,63,106,64,6,22,1,624,246
79,ECL_7754,2014-04-28 09:00:00.000000,29,143,14,0,4,0,870,54,58,106,43,1,25,2,468,258
80,ECL_7922,2016-11-01 09:00:00.000000,16,42,15,0,7,0,180,42,117,161,61,2,39,3,600,414
81,ECL_7560,2012-02-28 08:00:00.000000,31,162,18,2,14,0,1098,78,97,83,63,0,40,7,594,300
82,ECL_7748,2012-10-30 09:00:00.000000,27,150,10,2,11,3,912,30,66,112,80,2,34,2,768,270
83,ECL_7925,2017-08-01 09:00:00.000000,6,24,7,0,0,0,132,18,92,128,61,1,42,1,516,198
84,ECL_7919,2016-02-23 08:00:00.000000,24,54,13,0,12,0,330,42,90,110,85,1,23,4,558,300
85,ECL_8076,2019-04-30 09:00:00.000000,13,31,9,0,3,0,186,6,91,141,73,2,45,2,774,330
86,EFX_8879,2018-10-25 04:30:00.000000,122,176,42,30,49,14,2382,282,66,108,37,16,26,1,654,252
87,EFX_8876,2018-03-03 03:00:00.000000,113,118,50,36,57,13,1320,198,81,81,40,18,26,2,684,300
88,EFX_8699,2016-05-01 04:30:00.000000,40,94,30,8,32,7,1578,132,47,137,47,7,43,2,1164,330
89,EFX_8871,2016-10-27 04:30:00.000000,17,56,23,0,29,1,1098,42,70,138,73,18,29,5,996,282
90,EFX_8684,2012-07-26 04:30:00.000000,25,76,27,4,15,2,1164,54,39,71,50,3,23,2,684,252
91,EFX_8878,2018-07-26 04:30:00.000000,92,155,40,25,48,10,1794,246,67,125,52,13,37,3,912,276
92,EFX_8880,2019-02-21 03:30:00.000000,91,134,35,15,67,6,1944,276,82,127,47,15,15,1,834,336
93,EFX_8689,2013-10-24 04:30:00.000000,18,78,30,2,14,5,930,84,55,68,46,11,21,2,564,306
94,EFX_8683,2012-04-26 04:30:00.000000,9,77,16,3,15,3,1122,18,24,57,21,1,19,3,486,216
95,EFX_8877,2018-04-26 04:30:00.000000,77,123,31,18,23,11,1278,216,64,86,33,8,41,7,570,282
96,EFX_8700,2016-07-31 04:30:00.000000,25,72,21,3,27,1,1368,66,57,89,50,12,18,3,828,276
97,EFX_8685,2012-10-25 04:30:00.000000,25,59,19,13,10,2,834,60,58,100,66,24,21,7,624,288
98,EFX_8881,2019-05-10 04:30:00.000000,104,145,43,36,40,3,1974,252,54,99,57,12,28,9,756,276
99,EFX_8686,2013-02-07 03:30:00.000000,39,86,22,11,15,2,900,42,49,46,57,19,23,7,438,192
100,EFX_8694,2015-02-12 03:30:00.000000,31,89,24,11,19,6,1224,48,37,66,35,5,16,0,546,234
101,EFX_8697,2015-10-22 04:30:00.000000,23,96,37,18,31,9,1224,30,35,69,47,7,29,3,534,102
102,EFX_8884,2020-02-13 03:30:00.000000,82,143,35,46,43,1,1794,150,65,112,53,10,45,3,1050,390
103,EFX_8696,2015-07-23 04:30:00.000000,21,79,20,12,15,7,1002,60,53,100,45,14,28,6,690,210
104,EFX_8873,2017-04-29 04:30:00.000000,35,110,24,5,17,2,1680,54,48,91,58,1,23,1,582,294
105,EFX_8875,2017-11-13 03:30:00.000000,128,82,24,14,48,9,1014,186,106,75,53,20,29,4,510,354
106,EFX_8690,2014-02-14 03:30:00.000000,58,114,37,10,49,7,1914,120,59,82,41,11,30,8,654,306
107,EFX_8882,2019-07-25 04:30:00.000000,100,158,38,49,41,3,2046,198,53,127,47,8,20,4,726,306
108,EFX_8508,2012-02-09 03:30:00.000000,21,94,23,4,19,2,1170,90,52,89,56,4,22,6,768,330
109,EFX_8698,2016-02-11 03:30:00.000000,24,133,28,8,42,6,1740,54,63,104,57,4,30,1,714,312
110,EFX_8687,2013-04-25 04:30:00.000000,26,89,20,8,11,3,1044,18,52,65,51,6,29,4,528,222
111,EFX_8688,2013-07-25 04:30:00.000000,10,63,24,2,6,0,924,30,41,85,45,3,15,1,420,294
112,EFX_8691,2014-04-24 04:30:00.000000,33,84,16,4,14,0,732,72,46,53,54,6,16,2,342,234
113,EFX_8874,2017-07-30 04:30:00.000000,39,140,20,3,24,1,1794,102,51,78,45,7,26,0,522,228
114,EIX_8063,2018-02-22 11:30:00.000000,53,65,58,47,48,16,312,96,62,32,46,50,26,7,96,216
115,EIX_8064,2018-05-01 12:30:00.000000,45,34,46,33,35,11,108,60,69,62,78,77,18,7,66,324
116,EIX_8069,2019-07-25 12:30:00.000000,27,33,59,21,36,18,306,36,46,32,67,36,35,8,258,336
117,EIX_8062,2017-10-30 12:30:00.000000,0,1,5,0,3,0,0,0,59,74,83,45,52,22,396,180
118,EIX_7747,2015-02-24 12:00:00.000000,22,52,24,38,33,8,444,72,59,44,53,26,23,3,252,264
119,EIX_7911,2016-11-01 12:30:00.000000,32,62,35,26,37,17,438,66,54,59,51,21,30,8,294,258
120,EIX_7914,2017-07-28 12:30:00.000000,0,1,5,0,3,0,0,0,65,64,83,46,69,21,468,312
121,EIX_7905,2015-04-28 12:30:00.000000,18,36,30,23,25,15,228,36,33,19,40,19,26,4,150,186
122,EIX_7908,2016-02-23 11:30:00.000000,20,58,30,19,24,6,432,42,30,41,44,12,18,5,282,174
123,EIX_7742,2013-10-29 13:00:00.000000,51,35,24,21,24,4,450,54,43,29,45,11,18,2,228,288
124,EIX_8065,2018-07-26 12:30:00.000000,47,32,44,45,33,11,150,60,60,24,66,15,17,9,78,234
125,EIX_7738,2012-11-01 13:00:00.000000,49,28,20,12,29,5,210,102,63,21,57,13,18,7,126,270
126,EIX_7736,2012-05-02 13:00:00.000000,27,16,28,3,23,5,84,96,70,25,69,9,21,18,48,270
127,EIX_7744,2014-04-29 13:00:00.000000,19,34,26,32,19,8,294,66,46,52,65,11,31,11,372,216
128,EIX_7912,2017-02-21 11:30:00.000000,24,72,48,11,37,12,564,96,31,60,34,10,6,3,306,222
129,EIX_7913,2017-05-01 12:30:00.000000,27,53,37,44,29,12,264,138,36,45,60,21,24,1,252,258
130,EIX_8067,2019-02-28 11:30:00.000000,75,49,62,43,39,16,336,120,64,31,48,73,35,2,90,252
131,EIX_7907,2015-10-27 12:30:00.000000,46,39,37,31,37,9,456,108,62,27,47,14,22,8,246,300
132,EIX_8066,2018-10-30 12:30:00.000000,37,26,51,18,27,10,114,114,105,41,79,43,43,7,84,402
133,EIX_7909,2016-05-02 12:30:00.000000,31,36,39,9,32,11,408,84,44,52,66,16,20,6,318,240
134,EIX_7906,2015-07-30 00:30:00.000000,21,34,35,23,36,11,276,78,41,20,56,34,25,10,204,180
135,EIX_7741,2013-08-01 13:00:00.000000,65,42,29,46,53,17,318,120,50,17,29,28,20,2,96,150
136,EIX_7910,2016-07-30 12:30:00.000000,30,34,28,30,43,6,318,90,57,58,44,20,53,7,240,234
137,EIX_8070,2019-10-29 12:30:00.000000,0,1,5,1,3,0,0,0,135,78,101,70,71,22,630,414
138,EIX_7737,2012-07-31 13:00:00.000000,45,26,33,6,33,17,162,102,90,38,70,7,25,11,156,252
139,EIX_7544,2012-02-29 12:00:00.000000,57,35,21,9,38,27,240,126,89,35,57,15,26,26,66,276
140,EIX_7743,2014-02-25 12:00:00.000000,41,35,33,24,23,10,342,90,37,32,61,10,38,5,126,222
141,EL_8821,2018-05-02 05:30:00.000000,23,123,25,11,17,4,570,42,60,131,66,12,51,4,696,150
142,EL_8627,2014-08-15 05:30:00.000000,27,307,46,6,54,5,1422,84,42,133,38,1,42,6,762,126
143,EL_8825,2019-05-01 05:30:00.000000,36,144,27,1,19,6,786,48,51,133,41,0,32,2,654,120
144,EL_8819,2017-11-01 05:30:00.000000,24,142,25,1,18,4,714,60,37,119,31,0,18,3,654,138
145,EL_8815,2016-11-02 05:30:00.000000,38,133,26,1,20,6,738,66,58,143,58,1,44,6,876,204
146,EL_8820,2018-02-02 04:30:00.000000,30,177,30,16,21,3,846,90,39,110,50,0,24,3,606,186
147,EL_8624,2013-10-31 06:00:00.000000,21,186,25,4,20,4,948,36,48,97,55,1,39,3,498,162
148,EL_8925,2013-02-05 04:30:00.000000,36,165,34,4,27,4,828,90,66,71,37,1,30,0,396,132
149,EL_8926,2012-11-01 05:30:00.000000,44,147,23,1,25,10,678,66,43,94,57,3,40,2,396,174
150,EL_8824,2019-02-05 04:30:00.000000,41,168,23,2,8,6,942,78,44,131,37,7,31,10,618,168
151,EL_8630,2015-08-18 05:30:00.000000,42,199,36,3,44,2,1212,72,84,132,61,2,45,4,1026,276
152,EL_8625,2014-02-05 04:30:00.000000,35,183,37,4,26,9,912,66,54,67,33,0,30,4,522,114
153,EL_8928,2012-05-04 05:30:00.000000,30,182,28,2,26,7,702,66,45,103,42,0,32,2,522,162
154,EL_8828,2020-02-06 04:30:00.000000,37,120,19,1,22,11,804,42,52,80,34,0,40,4,258,294
155,EL_8632,2016-02-05 04:30:00.000000,45,140,36,1,18,2,990,78,43,86,37,1,32,6,474,120
156,EL_8626,2014-05-02 05:30:00.000000,35,209,33,3,32,5,942,114,65,88,50,2,32,2,570,162
157,EL_8823,2018-10-31 05:30:00.000000,33,150,20,4,9,2,996,78,66,155,74,1,33,4,792,162
158,EL_8927,2012-08-14 05:30:00.000000,46,242,37,6,32,5,1188,90,80,150,60,0,62,7,480,180
159,EL_8631,2015-11-02 04:30:00.000000,31,125,28,1,11,3,666,72,67,113,66,1,32,7,546,198
160,EL_8817,2017-05-03 05:30:00.000000,28,124,14,1,18,4,744,48,43,126,31,0,30,2,630,132
161,EL_8814,2016-08-19 05:30:00.000000,49,147,43,3,25,4,1014,66,100,142,62,1,56,5,990,324
162,EL_8818,2017-08-18 05:30:00.000000,40,210,37,1,33,5,1212,84,69,164,47,0,38,9,816,222
163,EL_8623,2013-08-15 05:30:00.000000,38,207,43,2,46,4,1008,60,66,133,53,0,56,4,690,210
164,EL_8929,2012-02-03 04:30:00.000000,38,183,25,1,23,7,786,36,49,62,34,1,36,0,408,180
165,EL_8822,2018-08-20 05:30:00.000000,44,225,33,7,34,6,1536,114,72,129,41,2,42,7,690,198
166,EL_8813,2016-05-03 05:30:00.000000,29,158,26,1,31,3,810,72,44,110,39,0,30,6,576,114
167,EL_8816,2017-02-02 04:30:00.000000,38,126,28,0,18,2,762,60,65,111,37,0,31,7,744,150
168,EL_8826,2019-08-19 05:30:00.000000,39,196,38,3,27,7,1254,60,67,151,53,3,31,8,1020,228
169,EMN_7781,2012-07-31 04:00:00.000000,25,71,16,0,30,5,390,78,72,97,84,7,31,7,324,390
170,EMN_8090,2018-02-02 03:00:00.000000,32,126,17,1,15,6,798,84,30,137,41,4,36,5,684,294
171,EMN_7779,2012-01-27 03:00:00.000000,24,52,24,2,30,9,462,30,46,134,66,3,28,5,420,396
172,EMN_7789,2014-07-29 04:00:00.000000,46,65,24,2,23,1,600,120,83,94,45,9,25,3,528,306
173,EMN_8095,2019-04-26 04:00:00.000000,53,91,23,2,22,4,432,156,77,130,63,6,28,2,708,414
174,EMN_7788,2014-04-25 04:00:00.000000,25,71,16,2,39,5,558,48,69,166,50,5,27,0,558,480
175,EMN_7783,2013-02-01 03:00:00.000000,29,75,40,4,32,7,486,114,46,69,67,9,26,5,282,390
176,EMN_8093,2018-10-26 04:00:00.000000,27,118,23,3,15,8,846,42,60,131,64,2,30,3,744,312
177,EMN_7787,2014-01-31 03:00:00.000000,25,90,22,2,26,3,612,156,76,134,54,3,31,2,450,336
178,EMN_8096,2019-07-26 04:00:00.000000,59,76,27,1,18,1,480,198,103,127,81,1,32,5,576,624
179,EMN_7786,2013-10-25 04:00:00.000000,22,61,27,1,21,3,432,60,62,126,70,9,30,1,408,480
180,EMN_7955,2017-10-27 04:00:00.000000,42,116,26,3,20,11,756,78,69,152,55,5,42,8,852,270
181,EMN_8092,2018-07-27 04:00:00.000000,18,110,20,1,17,9,684,30,67,117,38,4,16,1,600,306
182,EMN_7784,2013-04-26 04:00:00.000000,30,60,22,0,17,4,294,90,73,94,80,8,22,1,282,420
183,EMN_7780,2012-04-27 04:00:00.000000,36,60,42,5,27,1,450,78,39,52,39,8,13,3,138,204
184,EMN_7947,2015-10-30 04:00:00.000000,29,101,13,1,19,5,636,60,73,124,40,8,31,3,642,342
185,EMN_8091,2018-04-27 04:00:00.000000,7,118,11,0,14,6,870,24,52,161,45,4,27,6,852,336
186,EMN_7952,2017-01-27 03:00:00.000000,34,134,34,0,36,11,756,156,65,156,45,4,64,4,702,336
187,EMN_7792,2015-05-01 04:00:00.000000,19,113,17,1,20,1,684,48,58,137,49,4,29,4,522,432
188,EMN_7953,2017-04-28 04:00:00.000000,20,105,19,0,15,6,612,60,40,197,55,4,29,4,774,342
189,EMN_7946,2015-07-28 04:00:00.000000,25,111,12,1,27,2,666,72,67,111,36,6,18,2,408,258
190,EMN_8094,2019-02-01 03:00:00.000000,36,95,20,0,12,3,834,84,90,132,65,0,25,1,612,402
191,EMN_7951,2016-10-28 04:00:00.000000,26,98,26,2,24,4,600,78,86,203,56,9,65,6,672,396
192,EMN_7785,2013-07-30 04:00:00.000000,43,82,39,2,20,4,402,96,51,95,49,3,19,5,390,336
193,EMN_7948,2016-01-29 12:00:00.000000,42,120,19,3,24,10,816,168,83,101,62,7,41,3,516,390
194,EMN_7790,2014-10-31 04:00:00.000000,16,92,22,1,16,3,510,102,62,121,53,13,18,3,510,480
195,EMN_8097,2019-10-25 04:00:00.000000,62,88,25,2,27,5,546,150,82,134,68,3,46,6,528,456
196,EMN_7950,2016-07-29 04:00:00.000000,47,106,14,1,24,8,594,138,91,132,57,14,40,14,486,366
197,EMN_7782,2012-10-26 04:00:00.000000,28,39,11,1,24,5,180,42,57,97,75,7,37,5,330,408
198,EMR_7706,2015-05-05 10:00:00.000000,77,56,22,3,51,1,378,192,139,119,75,2,51,1,432,366
199,EMR_8034,2019-02-05 09:00:00.000000,24,50,19,0,29,0,492,48,72,80,60,0,48,5,594,240
200,EMR_7891,2017-08-01 10:00:00.000000,18,111,31,0,23,0,660,66,74,121,57,4,51,2,480,294
201,EMR_8037,2019-11-06 09:30:00.000000,58,59,20,0,25,2,810,138,122,134,77,1,56,3,492,342
202,EMR_8035,2019-05-07 10:00:00.000000,53,105,31,1,31,4,708,72,86,143,68,0,74,7,564,366
203,EMR_7890,2017-05-02 10:00:00.000000,25,73,22,2,25,0,330,60,75,142,78,3,52,0,642,384
204,EMR_8038,2020-02-04 10:00:00.000000,71,67,41,2,36,3,570,90,93,80,75,2,40,4,402,198
205,EMR_7702,2014-05-06 10:00:00.000000,70,57,18,0,16,1,546,138,64,107,45,1,40,4,372,270
206,EMR_7704,2014-11-04 09:00:00.000000,44,99,20,2,22,2,762,96,83,77,66,5,55,4,498,294
207,EMR_7888,2016-11-01 10:00:00.000000,62,61,8,0,26,0,402,78,115,149,52,5,76,4,678,306
208,EMR_8031,2018-05-02 10:00:00.000000,12,56,13,0,10,1,414,60,84,211,80,4,62,2,630,336
209,EMR_8036,2019-08-06 10:00:00.000000,46,63,38,0,23,4,480,60,111,142,84,2,71,8,756,306
210,EMR_7892,2017-11-08 10:00:00.000000,49,170,30,0,48,1,1008,102,37,123,45,2,46,4,462,144
211,EMR_7515,2012-08-07 10:00:00.000000,65,78,27,2,27,1,570,114,97,99,51,1,59,0,540,300
212,EMR_7514,2012-05-01 10:00:00.000000,75,97,23,0,27,0,510,132,99,104,63,1,35,5,594,282
213,EMR_7711,2016-08-02 10:00:00.000000,58,109,22,2,43,0,552,156,103,113,75,6,54,1,588,348
214,EMR_7710,2016-05-03 10:00:00.000000,42,93,17,0,20,0,330,60,93,147,108,5,39,8,426,378
215,EMR_7705,2015-02-03 09:00:00.000000,55,58,11,2,20,0,438,144,161,126,81,4,77,1,618,336
216,EMR_7893,2018-02-06 09:00:00.000000,20,90,12,1,19,0,384,66,87,157,72,1,73,1,594,402
217,EMR_7699,2013-08-06 10:00:00.000000,66,59,20,2,19,4,414,84,95,153,59,3,45,0,498,318
218,EMR_7517,2013-02-05 09:00:00.000000,19,45,4,0,12,1,282,66,71,170,65,1,57,1,594,312
219,EMR_7708,2015-11-03 09:00:00.000000,69,48,22,0,32,1,384,174,124,140,77,3,65,6,468,336
220,EMR_7698,2013-05-07 10:00:00.000000,54,45,19,1,28,0,432,84,96,125,108,1,44,0,642,336
221,EMR_7709,2016-02-02 09:00:00.000000,40,33,23,2,27,1,126,66,112,97,86,8,109,3,192,366
222,EMR_8032,2018-08-07 10:00:00.000000,33,137,17,9,37,0,678,72,52,120,57,6,41,6,516,312
223,EMR_7707,2015-08-04 10:00:00.000000,76,23,11,0,19,1,252,144,159,122,65,0,29,0,240,366
224,EMR_7701,2014-02-04 09:00:00.000000,19,68,8,0,22,0,384,60,72,170,58,3,55,1,474,294
225,EMR_7513,2012-02-07 09:00:00.000000,101,63,37,2,44,1,516,138,100,98,53,3,47,2,582,306
226,EMR_7516,2012-11-06 10:00:00.000000,64,47,17,0,23,10,420,84,107,108,71,1,56,8,582,246
227,EOG_8718,2017-08-05 05:00:00.000000,16,60,25,3,24,6,312,72,28,65,42,0,23,0,198,240
228,EOG_8351,2012-08-03 05:00:00.000000,24,37,22,4,21,3,240,24,49,30,46,3,26,3,192,204
229,EOG_8517,2015-05-05 07:00:00.000000,18,106,18,6,43,7,378,102,30,74,57,0,43,2,204,336
230,EOG_8898,2019-08-02 06:00:00.000000,8,113,17,1,19,3,378,126,54,139,56,0,23,5,510,438
231,EOG_8523,2016-11-04 06:00:00.000000,13,80,27,1,33,5,384,150,32,88,38,1,34,9,300,138
232,EOG_8721,2018-05-04 06:00:00.000000,21,96,24,1,30,6,600,114,28,72,34,2,18,16,360,240
233,EOG_8895,2018-11-02 06:00:00.000000,14,82,16,1,25,4,378,60,35,147,53,1,32,10,276,210
234,EOG_8357,2014-02-25 03:30:00.000000,7,60,21,5,40,3,492,18,37,78,50,0,45,1,246,180
235,EOG_8350,2012-05-09 05:00:00.000000,29,65,40,2,25,5,360,66,43,51,37,0,22,1,156,252
236,EOG_8722,2018-08-03 06:00:00.000000,13,72,23,1,14,8,408,48,44,65,43,0,24,5,126,162
237,EOG_8936,2014-11-05 03:00:00.000000,5,44,11,3,27,4,324,12,46,89,42,4,30,7,396,210
238,EOG_8356,2013-11-07 04:00:00.000000,11,40,19,3,32,1,312,24,35,77,39,0,51,3,330,258
239,EOG_8521,2016-05-06 06:00:00.000000,16,85,29,2,37,5,306,78,40,106,63,3,46,5,180,210
240,EOG_8899,2019-11-07 05:00:00.000000,14,90,24,1,25,4,438,60,45,118,54,4,28,9,426,354
241,EOG_8946,2014-05-06 06:00:00.000000,9,45,15,5,18,3,282,30,26,77,59,0,40,1,258,204
242,EOG_8935,2014-08-06 05:00:00.000000,3,41,14,3,11,2,378,36,41,79,39,2,42,3,270,252
243,EOG_8524,2017-02-28 05:00:00.000000,21,110,22,2,39,10,462,120,22,60,27,1,6,2,210,186
244,EOG_8520,2016-02-26 05:00:00.000000,19,83,16,0,25,14,360,66,37,124,49,11,35,6,252,192
245,EOG_8352,2012-11-06 04:00:00.000000,12,36,18,2,11,3,330,42,43,46,44,1,14,4,198,228
246,EOG_8719,2017-11-03 06:00:00.000000,23,74,14,0,32,4,360,66,25,83,50,3,17,4,282,210
247,EOG_8354,2013-05-07 05:00:00.000000,13,66,21,2,24,2,294,42,39,51,60,0,21,6,282,192
248,EOG_8897,2019-05-03 07:00:00.000000,9,118,10,1,32,5,390,102,48,115,62,1,35,8,426,282
249,EOG_8516,2015-02-19 04:00:00.000000,27,100,22,4,42,16,438,120,40,86,49,0,49,4,396,258
250,EOG_8353,2013-02-14 04:00:00.000000,30,67,32,1,36,4,324,48,29,51,37,0,24,4,72,126
251,EOG_8896,2019-02-27 05:00:00.000000,11,101,19,1,20,7,480,66,44,131,50,1,30,3,354,252
252,EOG_8519,2015-11-06 05:00:00.000000,13,65,21,3,16,8,282,90,48,89,37,4,44,7,294,276
253,EOG_8522,2016-08-05 06:00:00.000000,18,81,21,0,23,1,372,108,32,126,53,4,39,12,300,222
254,EOG_8355,2013-08-07 05:00:00.000000,13,64,15,0,19,3,432,84,42,59,27,1,15,2,126,150
255,EQIX_8674,2015-10-28 13:30:00.000000,23,87,23,2,25,8,1014,60,50,78,52,4,24,8,372,204
256,EQIX_8869,2019-10-30 13:30:00.000000,16,90,17,1,7,3,552,24,43,102,70,6,41,10,432,282
257,EQIX_8487,2014-07-31 13:30:00.000000,10,79,26,1,9,4,720,66,48,73,60,0,24,8,372,174
258,EQIX_8341,2012-02-15 12:30:00.000000,21,94,31,2,24,8,738,72,45,83,55,7,32,9,330,192
259,EQIX_8481,2013-02-13 12:30:00.000000,23,97,30,3,17,10,822,90,34,60,66,4,20,7,342,162
260,EQIX_8342,2012-04-25 13:30:00.000000,24,81,30,2,9,3,744,72,57,104,64,5,28,4,624,252
261,EQIX_8675,2016-02-18 12:30:00.000000,38,101,23,2,20,5,1002,114,47,73,50,6,30,6,336,180
262,EQIX_8678,2016-11-02 13:30:00.000000,18,101,21,1,14,2,942,60,40,101,53,1,37,5,348,204
263,EQIX_8680,2017-04-26 13:30:00.000000,16,94,21,2,15,5,924,48,45,93,69,8,23,6,570,312
264,EQIX_8479,2012-07-25 13:30:00.000000,26,68,26,2,19,2,708,84,43,85,54,0,25,6,588,222
265,EQIX_8486,2014-04-30 13:30:00.000000,26,81,21,1,9,3,594,72,61,113,58,4,31,17,552,288
266,EQIX_8490,2015-04-29 13:30:00.000000,20,109,22,2,8,5,966,72,37,93,74,0,30,8,432,204
267,EQIX_8862,2018-02-14 12:30:00.000000,19,97,19,2,26,6,972,66,30,86,63,2,25,8,528,222
268,EQIX_8483,2013-07-24 13:30:00.000000,36,88,31,7,12,5,1068,96,50,46,48,5,23,4,420,228
269,EQIX_8676,2016-05-05 13:30:00.000000,25,96,17,2,8,3,942,72,65,116,75,8,39,15,528,270
270,EQIX_8682,2017-11-01 13:30:00.000000,17,91,15,2,7,6,810,60,44,118,71,1,35,8,528,222
271,EQIX_8679,2017-02-16 12:30:00.000000,28,112,23,2,21,6,1032,66,43,109,44,4,34,8,468,198
272,EQIX_8480,2012-11-02 13:30:00.000000,26,75,37,6,16,6,864,72,44,66,54,0,27,6,510,234
273,EQIX_8482,2013-04-24 13:30:00.000000,30,81,29,2,9,10,702,102,43,69,77,6,28,7,534,258
274,EQIX_8673,2015-07-29 13:30:00.000000,18,90,32,4,15,9,1020,78,61,82,56,7,29,7,312,156
275,EQIX_8485,2014-02-20 12:30:00.000000,28,93,29,5,21,9,906,84,44,72,56,3,21,9,276,168
276,EQIX_8863,2018-05-02 13:30:00.000000,15,90,18,3,12,5,924,60,41,100,68,3,28,5,498,294
277,EQIX_8865,2018-11-01 13:30:00.000000,19,88,22,1,28,4,834,30,38,105,76,3,41,7,546,270
278,EQIX_8870,2020-02-12 12:30:00.000000,18,104,14,1,19,3,726,30,51,80,57,1,40,4,498,246
279,EQIX_8864,2018-08-08 13:30:00.000000,20,82,19,1,4,3,798,36,33,65,58,1,17,5,582,186
280,EQIX_8868,2019-07-31 13:30:00.000000,16,95,16,2,12,3,606,30,37,113,60,1,43,8,528,246
281,EQIX_8489,2015-02-19 12:30:00.000000,28,105,30,1,17,7,972,84,46,70,49,4,27,2,462,192
282,EQIX_8488,2014-10-29 13:30:00.000000,35,94,32,2,10,5,774,132,46,90,67,1,20,6,372,198
283,EQR_8848,2016-10-26 07:00:00.000000,26,62,32,4,30,4,666,150,48,68,74,4,40,7,414,396
284,EQR_8671,2015-04-29 19:00:00.000000,25,70,20,1,20,4,402,144,41,68,59,8,35,5,234,432
285,EQR_8860,2019-10-23 07:00:00.000000,27,74,37,16,49,3,552,192,89,127,108,22,48,8,432,570
286,EQR_8659,2012-04-26 07:00:00.000000,21,43,15,1,10,2,282,84,73,71,71,4,19,8,504,480
287,EQR_8850,2017-04-26 07:00:00.000000,18,77,26,1,23,2,276,84,63,52,68,2,53,14,252,378
288,EQR_8669,2014-10-29 07:00:00.000000,17,77,24,3,26,3,468,120,46,71,87,3,29,1,330,330
289,EQR_8859,2019-07-31 07:00:00.000000,20,78,38,14,19,4,570,150,83,103,93,15,30,7,420,510
290,EQR_8660,2012-07-26 07:00:00.000000,21,48,19,3,26,2,420,102,48,63,71,6,18,4,312,372
291,EQR_8858,2019-05-01 07:00:00.000000,13,72,18,2,14,2,426,120,79,101,79,9,15,16,336,534
292,EQR_8854,2018-04-25 07:00:00.000000,9,66,25,2,24,2,192,78,72,81,80,11,37,8,348,510
293,EQR_8853,2018-01-31 06:00:00.000000,42,99,46,3,55,4,876,126,94,89,114,6,41,9,408,540
294,EQR_8857,2019-01-30 06:00:00.000000,38,97,35,7,29,3,858,120,93,97,127,13,60,9,426,564
295,EQR_8856,2018-10-24 07:00:00.000000,11,62,33,1,24,1,588,102,79,74,83,9,38,3,342,396
296,EQR_8663,2013-05-01 08:00:00.000000,35,59,45,7,22,5,450,144,61,52,62,6,34,3,240,318
297,EQR_8665,2013-10-31 07:00:00.000000,19,41,33,2,24,5,516,30,63,70,79,2,48,1,588,402
298,EQR_8845,2016-02-04 06:00:00.000000,35,72,58,2,40,4,816,150,66,86,79,9,66,1,468,486
299,EQR_8672,2015-08-03 07:00:00.000000,18,76,16,2,20,1,468,102,59,105,78,5,39,2,504,480
300,EQR_8849,2017-02-01 06:00:00.000000,41,68,35,4,59,4,804,120,93,106,161,6,65,9,510,510
301,EQR_8661,2012-10-25 06:00:00.000000,5,49,15,2,23,1,408,42,60,71,62,6,26,2,348,402
302,EQR_8658,2012-02-02 06:00:00.000000,40,51,31,3,36,6,546,114,119,93,117,20,43,10,480,606
303,EQR_8668,2014-07-30 07:00:00.000000,24,78,37,3,18,2,672,78,42,97,75,3,29,9,228,324
304,EQR_8852,2017-10-25 07:00:00.000000,15,73,19,6,20,3,378,120,67,70,71,17,22,2,294,438
305,EQR_8667,2014-05-01 07:00:00.000000,23,78,28,1,11,1,294,66,65,54,60,5,28,4,282,390
306,EQR_8666,2014-02-05 06:00:00.000000,26,47,32,2,38,4,714,90,38,62,44,1,28,3,246,228
307,EQR_8662,2013-02-06 05:00:00.000000,26,62,39,3,37,4,474,114,68,59,83,7,61,7,360,354
308,EQR_8844,2015-10-26 07:00:00.000000,7,36,16,1,10,1,174,36,67,98,97,7,57,13,564,558
309,EQR_8847,2016-07-27 07:00:00.000000,32,30,40,2,17,1,498,114,86,118,117,3,39,9,528,558
310,EQR_8855,2018-07-25 07:00:00.000000,37,94,25,8,25,4,552,150,79,77,81,7,66,5,420,492
311,EQR_8861,2020-01-29 06:00:00.000000,26,141,56,9,42,4,1038,120,60,96,76,9,18,2,390,360
312,EQT_8907,2013-01-24 05:30:00.000000,16,30,28,4,20,5,222,54,21,11,18,2,7,0,42,108
313,EQT_8702,2013-10-24 06:30:00.000000,14,26,22,4,17,2,168,60,22,38,38,4,17,4,102,162
314,EQT_8711,2016-02-04 05:30:00.000000,38,47,41,2,24,8,156,138,33,64,52,1,43,6,84,264
315,EQT_8909,2012-07-26 06:30:00.000000,15,24,37,5,46,3,222,60,32,20,38,2,28,5,54,288
316,EQT_8715,2017-02-02 05:30:00.000000,11,17,21,2,14,1,174,42,47,75,73,0,37,10,198,294
317,EQT_8713,2016-07-28 06:30:00.000000,14,28,24,1,28,1,102,72,13,10,13,0,5,0,54,102
318,EQT_8712,2016-04-28 06:30:00.000000,17,29,25,1,20,6,138,60,49,67,74,8,19,4,168,234
319,EQT_8710,2015-10-22 06:30:00.000000,23,29,24,0,35,5,204,114,28,39,49,1,26,3,138,186
320,EQT_8893,2019-07-25 06:30:00.000000,61,88,41,13,49,10,264,102,63,97,49,14,19,10,174,444
321,EQT_8705,2014-07-24 06:30:00.000000,16,38,39,3,21,3,240,60,35,35,50,3,14,7,150,216
322,EQT_8890,2018-10-25 06:30:00.000000,33,27,20,8,25,7,234,60,61,32,51,1,24,6,330,294
323,EQT_8919,2012-01-26 05:30:00.000000,20,37,21,3,20,4,210,66,71,57,62,10,32,8,102,354
324,EQT_8708,2015-04-24 06:30:00.000000,17,15,13,0,23,7,120,36,22,26,41,7,17,6,96,186
325,EQT_8701,2013-07-25 06:30:00.000000,19,26,24,5,15,3,162,96,31,38,56,4,27,5,90,258
326,EQT_8889,2018-07-26 06:30:00.000000,10,22,22,0,15,5,222,24,46,40,31,2,15,7,216,150
327,EQT_8707,2015-02-05 05:30:00.000000,20,34,29,1,22,15,168,78,40,22,47,2,18,15,174,240
328,EQT_8706,2014-10-23 06:30:00.000000,18,42,25,1,22,11,264,54,28,46,53,10,25,4,96,288
329,EQT_8910,2012-04-26 06:30:00.000000,30,20,18,2,25,5,180,102,25,40,37,1,17,2,36,144
330,EQT_8703,2014-02-13 05:30:00.000000,13,36,20,1,17,5,216,60,32,42,52,6,24,13,36,246
331,EQT_8886,2017-10-26 06:30:00.000000,12,19,14,0,18,6,102,12,40,57,45,2,37,2,60,180
332,EQT_8906,2013-04-25 06:30:00.000000,12,24,21,4,14,7,240,60,16,25,42,1,13,3,36,156
333,EQT_8887,2018-02-15 05:30:00.000000,10,39,17,2,26,8,276,42,31,50,43,6,30,2,198,156
334,EQT_8892,2019-04-25 06:30:00.000000,34,91,18,11,22,3,180,90,49,119,45,7,29,10,102,198
335,EQT_8714,2016-10-27 06:30:00.000000,11,53,29,1,24,7,252,30,23,64,47,1,11,5,138,150
336,EQT_8709,2015-07-23 06:30:00.000000,28,52,22,2,25,8,180,90,53,54,65,1,39,6,114,288
337,EQT_8888,2018-04-26 06:30:00.000000,12,27,30,2,19,9,144,12,20,22,26,1,24,2,174,150
338,EQT_8885,2017-07-27 06:30:00.000000,17,35,26,4,26,2,222,18,50,110,84,9,59,8,216,276
339,EQT_8716,2017-04-27 06:30:00.000000,11,57,17,2,27,2,174,6,41,37,39,5,15,3,102,156
340,ES_8804,2018-02-23 04:00:00.000000,59,112,42,41,46,13,582,168,26,54,45,10,24,3,168,162
341,ES_8803,2017-11-02 05:00:00.000000,17,23,22,27,17,4,138,54,32,44,41,20,26,4,84,162
342,ES_8802,2017-07-28 05:00:00.000000,26,35,33,28,34,10,174,54,64,91,54,24,34,9,264,402
343,ES_8617,2016-02-05 04:00:00.000000,34,96,43,21,45,10,558,72,37,60,29,8,8,3,270,156
344,ES_8810,2019-08-01 05:00:00.000000,21,35,27,30,18,7,180,48,39,43,47,14,35,12,180,270
345,ES_8812,2020-02-20 04:00:00.000000,25,66,48,29,34,5,516,66,48,67,70,12,26,10,138,186
346,ES_8621,2017-02-22 04:00:00.000000,43,105,50,50,44,20,630,120,50,47,57,25,37,12,102,222
347,ES_8811,2019-11-06 04:00:00.000000,23,27,21,21,19,2,222,78,42,69,60,14,34,7,270,258
348,ES_8622,2017-05-04 05:00:00.000000,31,28,28,37,14,8,102,48,24,37,23,11,16,5,48,126
349,ES_8620,2016-11-02 05:00:00.000000,38,28,33,54,14,4,138,54,31,32,26,23,11,5,96,132
350,ES_8808,2019-02-21 04:00:00.000000,23,86,46,24,30,6,708,78,42,65,65,17,22,23,318,378
351,ES_8618,2016-05-05 05:00:00.000000,17,37,22,35,22,2,186,30,11,20,16,6,2,1,60,72
352,ES_8809,2019-05-02 05:00:00.000000,11,24,19,17,16,1,120,36,42,37,38,15,20,10,102,168
353,ES_8807,2018-11-02 05:00:00.000000,24,28,22,33,17,5,150,54,43,76,59,31,12,10,204,252
354,ES_8615,2015-07-31 05:00:00.000000,40,36,35,39,51,15,186,78,35,44,36,18,56,7,108,192
355,ESRX_8765,2017-10-25 04:30:00.000000,18,73,14,4,19,5,324,36,81,131,83,18,36,8,234,204
356,ESRX_8572,2015-10-28 04:30:00.000000,12,97,21,8,40,7,288,66,43,129,37,11,30,7,450,198
357,ESRX_8559,2012-05-11 05:00:00.000000,7,32,16,1,8,1,126,6,34,89,62,13,33,6,300,258
358,ESRX_8761,2016-10-26 04:30:00.000000,21,49,19,8,14,3,222,54,57,113,65,18,43,7,324,258
359,ESRX_8567,2014-07-30 04:30:00.000000,18,95,13,11,39,4,366,54,97,134,66,9,37,6,324,270
360,ESRX_8571,2015-07-29 04:30:00.000000,10,54,13,6,20,1,198,48,79,191,78,15,44,13,480,306
361,ESRX_8563,2013-04-30 05:00:00.000000,1,40,14,3,7,1,162,18,44,89,64,7,17,4,174,270
362,ESRX_8760,2016-07-26 04:30:00.000000,14,54,17,12,20,3,216,48,60,123,59,15,20,8,186,270
363,ESRX_8565,2013-10-25 04:30:00.000000,10,50,21,10,20,1,282,54,58,101,66,10,41,6,288,198
364,ESRX_8762,2017-02-15 03:30:00.000000,15,38,14,15,15,3,234,60,77,105,69,17,29,5,306,204
365,ESRX_8766,2018-02-28 03:30:00.000000,8,69,22,6,23,2,384,72,51,140,86,22,33,6,294,270
366,ESRX_8574,2016-04-26 04:30:00.000000,8,54,28,15,25,7,192,18,73,129,94,17,38,4,252,336
367,ESRX_8560,2012-08-08 06:00:00.000000,6,33,15,2,7,1,108,6,58,106,47,17,36,8,336,240
368,ESRX_8569,2015-02-24 03:30:00.000000,14,51,21,8,27,1,288,18,53,90,56,7,23,8,324,246
369,ESRX_8561,2012-11-06 04:30:00.000000,11,25,13,6,16,0,138,24,81,74,77,9,32,8,354,336
370,ESRX_8573,2016-02-17 03:30:00.000000,7,57,13,9,21,5,294,36,76,153,80,30,36,7,426,372
371,ESRX_8570,2015-04-29 04:30:00.000000,6,48,20,3,20,2,132,42,71,176,82,9,51,14,390,390
372,ESRX_8763,2017-04-26 04:30:00.000000,16,40,30,11,26,4,384,54,57,111,68,33,43,18,366,312
373,ESRX_8764,2017-07-26 04:30:00.000000,9,75,17,8,26,1,264,36,71,134,66,15,27,6,384,234
374,ESRX_8568,2014-10-29 04:30:00.000000,11,58,11,15,12,4,156,30,77,130,100,10,37,10,354,300
375,ESRX_8562,2013-02-19 04:00:00.000000,6,32,17,5,11,1,156,6,44,112,48,4,27,2,312,258
376,ESS_8635,2012-02-02 09:30:00.000000,29,71,41,0,24,3,354,102,71,91,71,3,41,5,276,354
377,ESS_8644,2014-05-11 09:00:00.000000,31,90,35,2,29,7,456,60,63,58,38,2,28,7,162,90
378,ESS_8650,2015-10-30 10:00:00.000000,36,58,29,4,27,5,390,84,54,56,73,5,28,7,282,204
379,ESS_8643,2014-01-31 08:00:00.000000,27,70,44,4,36,5,528,66,53,63,63,4,30,6,198,204
380,ESS_8639,2013-02-01 08:00:00.000000,28,70,42,1,33,6,426,84,87,88,81,11,30,12,330,330
381,ESS_8838,2018-10-29 11:00:00.000000,40,51,44,2,28,6,480,96,98,64,89,4,48,5,288,240
382,ESS_8836,2018-05-06 08:00:00.000000,34,40,34,15,17,6,420,78,109,97,77,9,36,13,222,384
383,ESS_8839,2019-01-31 08:00:00.000000,21,34,28,0,25,2,378,30,116,80,80,5,29,7,324,366
384,ESS_8835,2018-02-08 07:00:00.000000,37,38,27,9,25,9,450,72,109,128,114,14,58,26,456,438
385,ESS_8636,2012-05-03 09:00:00.000000,21,46,36,3,18,3,294,90,80,77,69,4,30,6,414,354
386,ESS_8651,2016-02-05 09:00:00.000000,32,47,40,1,25,4,450,120,131,94,111,3,44,8,426,468
387,ESS_8652,2016-04-30 10:00:00.000000,21,48,18,4,18,8,264,66,90,76,92,3,39,8,318,450
388,ESS_8837,2018-08-03 08:00:00.000000,36,49,24,9,19,3,468,66,92,71,67,9,27,5,228,336
389,ESS_8640,2013-05-02 09:00:00.000000,21,73,27,0,23,2,396,96,41,64,43,1,12,2,324,204
390,ESS_8648,2015-05-09 09:00:00.000000,18,81,35,4,18,2,492,78,108,114,86,8,48,9,510,252
391,ESS_8638,2012-11-01 09:00:00.000000,11,57,35,3,19,1,330,60,104,90,97,8,39,6,342,396
392,ESS_8834,2017-11-05 07:00:00.000000,40,23,24,9,18,5,390,90,82,68,64,14,30,11,360,300
393,ESS_8646,2014-10-31 10:00:00.000000,27,68,36,3,19,2,336,66,24,32,21,0,8,6,90,60
394,ESS_8840,2019-04-25 08:00:00.000000,31,49,28,2,18,2,402,102,105,104,93,12,37,10,342,372
395,ESS_8645,2014-08-07 09:00:00.000000,21,95,31,0,21,2,486,42,57,92,67,5,20,2,270,270
396,ESS_8647,2015-02-05 08:00:00.000000,23,80,36,4,23,3,492,54,76,66,61,1,12,3,372,282
397,ESS_8641,2013-08-01 09:00:00.000000,22,64,37,0,18,1,420,60,91,76,70,8,23,8,186,348
398,ESS_8649,2015-07-31 10:00:00.000000,13,85,26,3,22,4,546,114,38,70,55,1,22,6,288,192
399,ESS_8841,2019-07-25 09:00:00.000000,18,50,22,1,14,2,474,12,97,96,72,15,37,12,402,216
400,ESS_8843,2020-01-30 08:00:00.000000,23,46,26,1,18,6,534,96,103,89,66,9,39,9,306,366
401,ESS_8637,2012-08-02 09:00:00.000000,45,70,42,3,21,7,426,66,77,91,98,9,46,14,300,288
402,ESS_8842,2019-10-26 09:00:00.000000,18,41,17,6,18,5,360,48,88,83,75,21,56,10,456,360
403,ESS_8831,2017-02-03 09:00:00.000000,33,62,27,0,24,3,498,78,118,92,88,4,41,6,354,420
404,ESS_8830,2016-10-28 10:00:00.000000,19,48,35,0,15,3,318,108,109,81,56,4,39,9,384,408
405,ETFC_8110,2020-01-23 12:00:00.000000,31,95,43,4,36,6,642,72,46,104,44,0,27,2,624,324
406,ETFC_7959,2014-04-23 13:00:00.000000,28,82,39,6,22,6,378,102,63,68,37,18,14,6,330,258
407,ETFC_7960,2014-07-24 13:00:00.000000,45,82,36,17,23,5,378,102,57,96,58,18,16,5,558,336
408,ETFC_7970,2017-01-26 12:00:00.000000,27,91,48,8,32,16,654,42,50,72,59,2,36,2,684,348
409,ETFC_8100,2017-07-20 13:00:00.000000,31,104,37,1,27,3,786,90,62,84,45,4,35,9,594,294
410,ETFC_7810,2013-04-18 13:00:00.000000,30,65,39,12,13,4,360,162,39,58,34,19,27,1,162,336
411,ETFC_8104,2018-07-19 13:00:00.000000,24,80,33,0,14,3,492,90,48,62,48,3,22,5,618,348
412,ETFC_8105,2018-10-19 13:00:00.000000,31,134,62,6,54,7,1020,90,118,75,100,11,57,6,690,348
413,ETFC_7962,2015-01-22 12:00:00.000000,39,114,41,25,25,8,522,114,46,44,34,11,33,8,258,276
414,ETFC_7809,2013-01-24 12:00:00.000000,50,83,41,4,27,4,450,228,47,51,40,5,21,5,462,372
415,ETFC_7807,2012-07-19 13:00:00.000000,50,49,45,12,18,5,426,198,53,47,70,18,44,7,348,492
416,ETFC_7968,2016-07-21 13:00:00.000000,19,51,32,6,16,9,534,72,49,67,70,2,12,7,426,366
417,ETFC_7966,2016-01-21 12:00:00.000000,36,84,38,10,29,7,600,84,48,55,66,4,18,11,492,258
418,ETFC_8099,2017-04-21 13:00:00.000000,15,84,35,5,36,10,690,126,85,71,59,0,34,3,696,372
419,ETFC_8108,2019-07-18 13:00:00.000000,35,48,28,4,19,7,492,72,68,51,50,4,30,6,600,390
420,ETFC_8102,2018-01-26 12:00:00.000000,20,89,37,5,32,5,714,78,57,90,51,0,20,7,840,378
421,ETFC_8106,2019-01-24 12:00:00.000000,23,92,39,1,24,5,690,120,90,88,75,2,35,10,1092,528
422,ETFC_7964,2015-07-23 13:00:00.000000,33,64,44,16,18,11,270,126,50,55,81,18,17,16,192,336
423,ETFC_8109,2019-10-18 13:00:00.000000,27,59,54,1,31,4,504,108,77,88,78,4,53,9,888,510
424,ETFC_7963,2015-04-24 13:00:00.000000,22,61,62,10,27,4,408,138,40,56,51,20,12,5,252,282
425,ETFC_8103,2018-04-19 13:00:00.000000,21,74,40,1,21,2,594,126,64,125,64,0,51,2,846,360
426,ETFC_7805,2012-01-25 12:00:00.000000,43,48,35,19,29,6,330,132,71,72,78,9,41,4,306,354
427,ETFC_7965,2015-10-22 13:00:00.000000,37,76,26,11,21,9,342,102,41,45,46,5,10,2,390,318
428,ETFC_7958,2014-01-23 12:00:00.000000,32,99,36,9,25,7,414,102,31,48,36,4,11,2,378,306
429,ETFC_7956,2013-07-24 13:00:00.000000,49,80,48,8,26,10,318,204,44,35,34,7,3,3,138,156
430,ETFC_7967,2016-04-21 13:00:00.000000,29,74,40,8,20,3,504,102,52,58,54,6,19,3,306,342
431,ETFC_8101,2017-10-19 13:00:00.000000,26,107,37,3,28,2,762,66,41,66,48,6,39,10,540,282
432,ETFC_7808,2012-10-18 13:00:00.000000,73,94,53,19,26,10,462,312,65,41,35,10,19,2,258,336
433,ETFC_8107,2019-04-17 13:00:00.000000,16,81,29,2,30,6,636,60,57,105,45,2,21,4,732,402
434,ETN_7770,2013-04-29 06:00:00.000000,46,46,22,1,10,2,480,138,84,77,83,0,30,7,444,336
435,ETN_8082,2018-05-01 06:00:00.000000,36,81,20,0,21,3,660,48,73,131,68,0,30,7,534,252
436,ETN_8080,2017-10-31 06:00:00.000000,34,64,14,0,11,0,480,48,79,95,84,1,22,7,480,252
437,ETN_7941,2016-08-02 06:00:00.000000,61,54,10,1,10,1,492,66,117,110,106,7,24,2,510,354
438,ETN_8084,2018-10-30 07:00:00.000000,22,52,24,8,12,2,588,54,69,84,75,5,32,7,504,330
439,ETN_7771,2013-08-02 06:00:00.000000,60,59,29,1,17,0,726,114,89,107,80,0,31,0,492,342
440,ETN_7769,2013-02-05 05:00:00.000000,0,0,0,0,0,0,0,0,122,130,103,2,56,6,798,366
441,ETN_7777,2015-02-03 05:00:00.000000,58,49,21,6,34,2,522,84,88,90,59,4,36,2,318,306
442,ETN_8083,2018-07-31 06:00:00.000000,25,82,9,0,12,4,708,84,65,131,76,4,31,6,690,348
443,ETN_7939,2016-02-03 05:00:00.000000,66,54,25,0,21,0,516,150,123,83,75,4,34,5,306,354
444,ETN_7775,2014-07-29 06:00:00.000000,82,52,30,9,19,2,486,126,68,95,48,6,24,0,348,378
445,ETN_7936,2015-04-29 06:00:00.000000,69,53,17,0,14,0,456,66,114,118,69,3,33,4,390,360
446,ETN_7772,2013-10-25 06:00:00.000000,39,63,29,1,19,0,504,132,59,129,62,9,44,6,366,366
447,ETN_8081,2018-02-01 05:00:00.000000,33,67,16,0,21,4,636,36,80,95,64,1,62,0,678,282
448,ETN_7940,2016-04-29 06:00:00.000000,54,47,23,0,16,0,360,60,87,102,83,21,29,6,414,258
449,ETN_8088,2019-10-29 07:00:00.000000,40,43,23,3,16,2,690,66,94,95,50,1,48,4,516,300
450,ETN_8085,2019-01-31 05:00:00.000000,29,65,11,4,8,2,780,24,66,98,88,7,19,5,654,264
451,ETN_7937,2015-07-29 06:00:00.000000,69,57,42,1,26,4,618,162,104,59,62,2,32,9,342,282
452,ETN_7938,2015-10-30 06:00:00.000000,103,61,38,1,34,3,528,114,97,46,56,2,28,4,258,228
453,ETN_7944,2017-05-02 07:00:00.000000,49,46,21,0,6,0,510,30,75,100,88,1,24,2,384,306
454,ETN_8086,2019-04-30 08:00:00.000000,23,40,15,0,14,2,630,48,92,96,81,2,30,1,582,306
455,ETN_8087,2019-07-30 07:00:00.000000,32,32,13,2,10,3,684,54,124,115,69,3,47,2,618,390
456,ETN_7942,2016-11-01 06:00:00.000000,54,48,13,1,19,0,552,84,114,79,91,0,32,11,330,288
457,ETN_7776,2014-10-29 06:00:00.000000,36,60,20,3,14,0,450,96,105,120,81,1,38,8,468,396
458,ETN_7597,2012-01-26 05:00:00.000000,44,47,26,0,19,0,408,66,95,83,84,5,36,2,468,396
459,ETN_7767,2012-07-23 06:00:00.000000,50,52,22,4,5,1,558,96,93,103,76,3,23,2,648,258
460,ETN_7598,2012-04-23 06:00:00.000000,46,57,29,1,4,1,444,54,91,108,78,4,24,4,480,258
461,ETN_7943,2017-02-02 05:00:00.000000,82,59,15,1,17,1,546,54,93,61,71,4,25,3,378,342
462,ETR_7676,2014-07-29 07:00:00.000000,36,76,37,14,19,10,468,150,36,34,56,13,13,7,174,276
463,ETR_7678,2015-02-05 05:00:00.000000,39,100,58,18,35,9,636,108,42,24,40,21,18,2,120,234
464,ETR_7677,2014-11-04 06:00:00.000000,36,62,48,12,32,13,288,108,53,24,57,18,20,13,222,204
465,ETR_7675,2014-04-24 07:00:00.000000,52,93,59,22,24,10,414,132,47,40,85,8,16,7,258,288
466,ETR_8201,2012-11-05 08:00:00.000000,104,64,69,63,41,13,510,174,19,11,28,5,13,6,192,78
467,ETR_7869,2016-04-26 07:00:00.000000,54,90,35,16,32,11,420,66,59,62,53,21,23,0,192,192
468,ETR_8024,2018-08-01 06:00:00.000000,15,63,17,13,20,6,396,36,15,12,9,8,5,1,48,42
469,ETR_7384,2018-04-25 07:00:00.000000,21,92,26,16,37,10,456,42,48,63,42,21,24,2,240,288
470,ETR_8202,2012-07-31 07:00:00.000000,64,63,45,46,38,13,276,72,45,39,54,27,22,5,174,216
471,ETR_7681,2015-11-02 06:00:00.000000,46,61,35,30,31,12,312,72,69,35,51,17,39,10,234,306
472,ETR_8026,2019-02-20 06:00:00.000000,22,86,22,23,34,8,516,42,37,40,25,16,24,4,180,168
473,ETR_7871,2016-10-25 07:00:00.000000,32,66,34,22,38,6,432,60,48,56,42,34,32,6,234,252
474,ETR_8214,2013-04-25 07:00:00.000000,62,121,37,24,38,13,552,114,57,46,38,26,23,6,72,192
475,ETR_8213,2013-02-08 06:00:00.000000,55,88,33,56,61,9,414,120,28,31,40,13,27,6,78,168
476,ETR_7873,2017-04-26 07:00:00.000000,30,70,35,24,22,15,306,60,50,48,53,27,12,3,204,210
477,ETR_8028,2019-07-31 07:00:00.000000,14,87,24,13,29,9,696,60,28,44,24,12,7,2,210,102
478,ETR_7679,2015-04-28 07:00:00.000000,37,79,41,22,37,12,486,72,45,35,61,21,18,5,384,210
479,ETR_7499,2012-04-26 07:00:00.000000,91,84,72,76,36,36,444,114,36,23,46,23,30,5,36,174
480,ETR_7870,2016-08-02 07:00:00.000000,30,80,34,17,32,5,456,90,43,36,41,15,18,2,138,192
481,ETR_7875,2017-10-24 07:00:00.000000,38,56,30,19,37,9,354,60,30,28,25,21,7,0,30,156
482,ETR_8029,2019-10-30 07:00:00.000000,13,59,14,11,17,7,426,18,28,50,33,12,7,2,138,168
483,ETR_8025,2018-10-31 06:00:00.000000,23,79,28,30,18,12,348,54,30,45,26,6,12,4,138,120
484,ETR_7874,2017-08-02 06:00:00.000000,32,67,32,23,32,10,486,72,32,43,49,11,10,4,192,144
485,ETR_7674,2014-02-11 05:00:00.000000,57,106,52,33,41,5,534,144,27,41,67,18,25,3,282,234
486,ETR_7498,2012-01-31 06:00:00.000000,80,79,47,83,43,16,438,108,29,27,30,27,9,3,138,198
487,ETR_7386,2013-07-30 07:00:00.000000,68,112,64,47,64,17,504,120,23,23,30,20,7,1,216,204
488,ETR_7876,2018-02-23 05:00:00.000000,25,102,34,26,51,18,606,90,52,59,36,12,24,10,330,216
489,ETR_7680,2015-08-04 07:00:00.000000,43,76,51,18,53,9,486,78,39,49,58,10,25,6,276,276
490,ETR_8027,2019-05-01 06:00:00.000000,21,52,17,15,28,11,252,36,29,59,32,18,10,2,192,174
491,EVHC_8918,2018-05-08 04:30:00.000000,37,79,32,27,17,5,618,60,80,76,56,29,12,2,300,192
492,EVHC_8905,2016-05-05 13:00:00.000000,30,39,21,36,16,2,600,66,71,79,58,42,24,2,426,360
493,EVHC_8914,2017-05-03 13:00:00.000000,35,24,24,7,5,2,480,30,77,67,56,21,12,3,330,360
494,EVHC_8725,2014-11-05 12:00:00.000000,13,63,24,23,6,0,432,66,49,85,105,34,31,5,462,354
495,EVHC_8903,2015-10-23 04:30:00.000000,39,39,35,40,16,3,450,60,140,82,80,104,58,6,630,468
496,EVHC_8902,2015-08-01 13:00:00.000000,11,55,29,23,19,0,462,48,38,89,54,31,26,1,336,324
497,EVHC_8916,2017-11-01 04:30:00.000000,42,93,47,29,32,2,618,96,53,60,71,31,13,3,342,330
498,EVHC_8912,2016-11-01 04:30:00.000000,22,60,19,31,12,4,522,42,64,83,66,68,36,7,168,276
499,EVHC_8911,2016-08-04 13:00:00.000000,36,39,21,38,15,2,480,36,70,98,83,63,36,5,306,264
500,EVHC_8724,2014-08-07 13:00:00.000000,13,64,30,25,11,1,552,60,54,71,89,37,25,6,408,420
501,EVHC_8900,2015-02-26 12:00:00.000000,18,70,31,17,16,1,630,66,49,118,123,29,46,3,780,354
502,EVHC_8901,2015-05-03 13:00:00.000000,15,46,22,18,16,0,480,12,62,86,88,45,34,8,438,294
503,EVHC_8915,2017-08-11 04:30:00.000000,29,48,16,9,8,1,426,24,81,67,59,23,23,2,252,420
504,EVHC_8913,2017-03-01 12:00:00.000000,36,60,54,16,23,4,462,78,67,53,56,18,13,1,330,336
505,EVHC_8723,2013-11-13 12:00:00.000000,15,33,40,24,10,0,300,60,52,61,75,22,34,3,252,228
506,EW_8167,2014-10-23 13:00:00.000000,23,60,32,8,12,4,378,120,70,80,95,2,17,1,456,366
507,EW_8169,2014-04-24 13:00:00.000000,31,62,35,21,20,5,408,120,68,42,101,29,24,1,336,360
508,EW_7733,2013-04-23 13:00:00.000000,35,39,31,6,4,5,258,78,93,74,96,3,16,8,426,300
509,EW_8053,2018-02-01 12:00:00.000000,22,78,23,7,10,2,474,72,82,94,105,5,35,3,486,342
510,EW_8050,2017-04-26 13:00:00.000000,26,64,29,10,9,2,486,90,85,98,113,6,13,2,474,366
511,EW_7729,2012-04-24 13:00:00.000000,26,55,44,6,9,2,306,78,66,50,88,2,25,5,180,264
512,EW_7732,2013-02-04 12:00:00.000000,16,47,20,2,5,3,288,60,66,75,132,2,25,3,270,402
513,EW_8054,2018-04-24 13:00:00.000000,18,70,25,7,16,2,492,114,69,96,99,9,20,4,348,312
514,EW_8058,2019-04-23 13:00:00.000000,22,95,33,9,12,2,504,78,90,87,94,4,29,11,330,438
515,EW_8061,2020-01-30 12:00:00.000000,25,92,25,5,11,6,660,78,92,82,103,10,15,3,516,282
516,EW_8056,2018-10-24 13:00:00.000000,19,69,23,8,12,5,402,120,92,112,99,11,22,9,342,414
517,EW_7903,2016-07-27 13:00:00.000000,37,51,42,13,18,9,492,90,108,98,132,11,26,8,510,408
518,EW_8165,2015-04-23 13:00:00.000000,18,70,37,4,14,4,438,60,76,68,90,1,9,2,258,234
519,EW_7900,2015-10-26 13:00:00.000000,17,58,36,7,13,3,438,48,82,118,101,5,23,4,336,330
520,EW_8059,2019-07-23 13:00:00.000000,24,89,35,3,13,5,492,66,60,71,78,2,15,2,306,300
521,EW_7904,2016-10-26 13:00:00.000000,20,45,32,4,16,4,444,72,87,90,117,4,20,1,600,372
522,EW_7902,2016-04-27 13:00:00.000000,30,46,33,7,10,4,384,96,81,99,119,3,35,8,534,288
523,EW_7728,2012-02-02 12:00:00.000000,22,53,42,7,13,4,312,78,80,42,116,4,23,9,282,276
524,EW_8057,2019-01-31 07:00:00.000000,38,87,33,6,16,7,474,114,88,77,93,8,25,7,504,444
525,EW_8049,2017-02-01 12:00:00.000000,17,46,30,5,14,3,396,54,93,91,134,1,20,0,258,294
526,EW_7899,2015-07-28 13:00:00.000000,20,66,30,4,25,6,414,72,81,56,118,6,39,3,390,276
527,EW_8051,2017-07-26 13:00:00.000000,28,77,22,6,12,2,480,78,91,99,116,1,26,4,432,360
528,EW_8055,2018-07-26 13:00:00.000000,0,0,0,0,0,0,0,0,107,175,115,9,39,10,828,438
529,EW_7734,2013-07-25 13:00:00.000000,48,56,38,26,15,6,300,66,77,83,110,12,24,7,228,330
530,EW_7735,2013-10-28 06:00:00.000000,30,43,30,15,8,4,288,72,73,99,92,14,31,5,282,414
531,EW_7730,2012-07-24 13:00:00.000000,33,51,37,8,12,3,414,78,93,82,96,2,23,6,384,318
532,EW_7901,2016-02-02 12:00:00.000000,25,66,41,6,13,3,492,78,82,105,117,4,31,1,270,336
533,EW_8060,2019-10-23 13:00:00.000000,25,77,30,8,11,5,552,90,76,78,69,3,23,3,390,384
534,EW_8170,2014-02-03 12:00:00.000000,35,77,34,14,19,4,396,108,92,86,91,10,25,4,330,342
535,EXC_8587,2016-02-03 06:00:00.000000,30,66,21,20,39,8,516,30,38,57,35,16,21,3,264,174
536,EXC_8584,2015-04-29 07:00:00.000000,24,39,16,15,24,5,240,24,63,59,65,39,27,7,246,204
537,EXC_8789,2019-10-31 06:00:00.000000,62,50,22,31,30,12,504,96,75,62,45,35,30,5,174,270
538,EXC_8590,2017-05-03 07:00:00.000000,48,65,29,28,25,9,270,72,59,38,35,8,6,3,120,144
539,EXC_8588,2016-05-06 07:00:00.000000,24,43,23,14,13,6,306,42,24,34,36,11,5,2,162,192
540,EXC_8417,2014-02-06 06:00:00.000000,36,67,36,9,30,3,486,96,64,54,61,17,20,9,240,288
541,EXC_8786,2019-02-08 05:00:00.000000,31,87,17,24,42,11,678,66,32,64,41,13,31,7,234,186
542,EXC_8414,2013-05-01 07:00:00.000000,25,48,35,7,25,3,264,84,64,45,53,20,20,5,228,324
543,EXC_8785,2018-11-01 06:00:00.000000,26,76,15,29,22,5,468,42,46,58,21,13,24,2,192,144
544,EXC_8585,2015-07-29 07:00:00.000000,20,50,26,9,14,2,252,24,66,38,34,26,15,9,150,192
545,EXC_8319,2013-02-07 05:00:00.000000,0,0,0,0,0,0,0,0,134,112,108,31,56,13,924,234
546,EXC_8591,2017-08-02 07:00:00.000000,53,90,39,48,24,11,450,54,36,85,35,10,10,5,342,210
547,EXC_8586,2015-10-30 07:00:00.000000,36,68,22,21,20,9,360,54,59,60,43,7,23,4,132,192
548,EXC_8592,2017-11-02 06:00:00.000000,68,86,43,16,25,7,474,162,41,86,38,9,19,2,444,204
549,EXC_8420,2014-10-30 07:00:00.000000,20,62,32,11,34,6,288,60,60,69,60,22,49,8,264,186
550,EXC_8787,2019-05-02 06:00:00.000000,15,77,18,31,19,10,372,36,24,45,30,16,11,2,84,150
551,EXC_8790,2020-02-11 05:00:00.000000,37,85,23,19,40,13,642,30,30,66,47,33,14,9,216,270
552,EXC_8589,2017-02-08 06:00:00.000000,19,80,22,15,40,8,528,36,34,50,35,11,15,1,102,132
553,EXC_8419,2014-07-31 06:00:00.000000,46,61,40,22,25,8,396,174,44,58,72,12,24,4,156,252
554,EXC_8788,2019-08-01 06:00:00.000000,41,59,20,21,18,6,384,36,48,25,19,11,13,2,150,156
555,EXC_8783,2018-05-02 06:00:00.000000,21,83,17,33,19,9,414,66,45,55,45,8,14,13,234,204
556,EXC_8318,2012-11-01 06:00:00.000000,29,64,52,26,31,7,372,96,59,26,40,12,14,3,204,216
557,EXC_8421,2015-02-13 06:00:00.000000,43,55,24,18,36,5,402,66,46,55,33,27,43,6,270,204
558,EXC_8416,2013-10-30 06:00:00.000000,30,48,29,15,20,4,306,108,86,55,44,9,16,4,246,282
559,EXC_8415,2013-07-31 07:00:00.000000,38,61,41,14,25,5,360,162,59,55,70,18,28,4,324,198
560,EXC_8784,2018-08-02 06:00:00.000000,16,78,20,37,21,3,402,42,49,80,34,30,20,9,120,234
561,EXPE_8772,2017-10-26 12:30:00.000000,34,69,19,0,22,2,510,6,77,112,50,1,45,8,606,372
562,EXPE_8578,2014-10-30 12:30:00.000000,13,37,17,1,6,1,504,24,45,112,50,0,25,1,504,204
563,EXPE_8233,2013-10-30 12:30:00.000000,15,38,15,1,11,2,324,12,38,115,42,7,22,2,432,192
564,EXPE_8409,2012-07-26 13:00:00.000000,12,23,13,0,7,1,378,12,32,35,25,1,11,1,270,102
565,EXPE_8770,2017-04-28 12:30:00.000000,10,24,17,0,6,1,468,18,53,118,60,1,30,2,516,288
566,EXPE_8778,2019-05-02 13:00:00.000000,24,62,17,0,10,2,510,42,47,131,29,4,22,3,636,360
567,EXPE_8769,2017-02-09 11:30:00.000000,15,44,15,0,12,2,492,36,74,148,53,5,29,1,708,318
568,EXPE_8407,2012-02-09 12:00:00.000000,16,38,15,5,14,1,462,54,73,58,42,1,17,0,504,168
569,EXPE_8776,2018-10-25 12:30:00.000000,16,57,17,1,10,2,522,18,65,116,47,2,15,11,606,354
570,EXPE_8779,2019-07-25 12:30:00.000000,22,64,18,0,9,2,618,42,30,119,47,1,14,2,456,276
571,EXPE_8579,2015-02-06 11:30:00.000000,29,38,16,1,15,1,576,66,45,75,42,1,32,1,552,216
572,EXPE_8767,2016-07-28 12:30:00.000000,13,29,17,2,18,1,318,30,73,101,69,4,44,2,498,276
573,EXPE_8774,2018-04-26 12:30:00.000000,19,35,16,1,7,2,558,18,79,117,51,2,26,0,534,282
574,EXPE_8577,2014-07-31 12:30:00.000000,7,47,12,1,5,1,426,36,40,113,42,1,13,0,576,204
575,EXPE_8410,2012-10-25 12:30:00.000000,8,32,12,0,9,1,270,24,61,95,58,0,11,1,330,210
576,EXPE_8581,2015-07-30 12:30:00.000000,14,35,16,1,8,1,474,36,50,112,33,2,17,1,606,174
577,EXPE_8773,2018-02-08 11:30:00.000000,18,48,19,0,13,3,630,36,74,99,52,1,23,1,648,354
578,EXPE_8780,2019-11-06 11:30:00.000000,19,42,17,1,7,2,456,42,76,147,44,0,22,1,402,396
579,EXPE_8412,2013-04-25 12:30:00.000000,18,30,19,1,13,3,384,6,47,85,33,5,18,2,360,204
580,EXPE_8771,2017-07-27 12:30:00.000000,12,47,14,0,8,3,414,12,79,162,61,1,31,2,606,354
581,EXPE_8413,2013-07-25 12:30:00.000000,29,36,13,2,5,1,468,30,61,78,39,0,13,0,318,222
582,EXPE_8582,2015-10-29 12:30:00.000000,15,45,20,0,12,1,390,48,43,132,53,6,68,3,714,420
583,EXPE_8781,2020-02-13 11:30:00.000000,35,62,47,4,39,5,384,78,67,94,51,6,33,2,414,180
584,EXPE_8575,2014-02-06 11:30:00.000000,18,42,15,2,11,1,498,24,53,112,50,3,21,1,612,312
585,EXPE_8408,2012-04-26 13:00:00.000000,10,28,9,0,10,2,318,18,65,92,36,1,16,2,384,342
586,EXPE_8777,2019-02-07 11:30:00.000000,17,54,18,0,9,2,576,24,48,105,38,0,20,5,570,348
587,EXPE_8232,2016-04-28 12:30:00.000000,11,38,9,2,17,1,450,48,55,111,54,2,43,1,552,354
588,EXPE_8768,2016-10-27 12:30:00.000000,10,41,11,1,9,1,432,24,99,150,59,0,41,2,672,306
589,EXPE_8576,2014-05-01 12:30:00.000000,13,52,14,0,7,2,396,42,52,79,33,9,12,1,336,216
590,EXR_8545,2014-04-29 08:00:00.000000,11,10,10,3,2,2,72,18,71,83,108,7,23,20,462,408
591,EXR_8751,2018-02-21 08:00:00.000000,17,31,20,3,11,2,342,24,52,58,58,0,13,5,354,318
592,EXR_8380,2012-10-30 09:00:00.000000,18,20,13,2,9,1,174,24,80,75,59,7,15,8,384,354
593,EXR_8553,2016-05-03 09:00:00.000000,10,12,12,3,8,2,222,12,62,49,63,21,20,7,306,312
594,EXR_8556,2017-02-22 08:00:00.000000,8,21,18,1,11,2,270,24,66,31,48,4,21,7,432,324
595,EXR_8757,2019-07-31 09:00:00.000000,6,16,12,2,6,1,162,6,52,60,42,2,11,1,324,240
596,EXR_8549,2015-04-30 09:00:00.000000,11,8,9,3,7,2,144,18,43,57,57,2,19,6,336,258
597,EXR_8547,2014-10-30 09:00:00.000000,8,13,10,5,13,2,78,18,33,40,48,5,15,5,192,204
598,EXR_8540,2013-02-22 09:00:00.000000,8,17,12,2,3,2,186,30,34,47,47,0,12,1,306,192
599,EXR_8542,2013-08-02 08:00:00.000000,10,14,12,4,3,2,132,36,57,82,100,6,20,3,522,396
600,EXR_8546,2014-07-31 11:00:00.000000,5,10,10,4,3,2,126,12,56,65,63,4,23,5,390,234
601,EXR_8379,2012-07-31 09:00:00.000000,12,22,16,4,8,1,240,24,83,95,83,3,39,10,504,336
602,EXR_8555,2016-10-27 09:00:00.000000,14,22,12,1,15,2,294,12,97,76,85,2,45,9,672,462
603,EXR_8750,2017-11-05 06:00:00.000000,17,23,10,7,8,1,282,48,34,42,41,1,11,2,204,162
604,EXR_8551,2015-10-29 09:00:00.000000,10,13,8,3,11,3,216,24,47,51,64,3,14,10,354,258
605,EXR_8753,2018-08-01 09:00:00.000000,13,19,17,3,5,1,270,24,48,49,46,7,18,2,354,288
606,EXR_8541,2013-04-29 09:00:00.000000,9,20,9,2,4,4,96,24,59,96,77,6,25,9,564,396
607,EXR_8752,2018-05-07 09:00:00.000000,14,13,17,3,5,2,174,18,53,48,71,1,26,5,402,426
608,EXR_8756,2019-05-02 09:00:00.000000,6,17,13,1,4,1,198,12,53,64,73,1,18,8,300,252
609,EXR_8554,2016-07-31 09:00:00.000000,13,16,11,3,10,2,228,6,67,60,68,2,26,3,420,384
610,EXR_8558,2017-08-02 07:00:00.000000,13,28,15,2,11,1,318,60,66,52,52,7,22,4,390,282
611,EXR_8543,2013-10-29 10:00:00.000000,9,13,8,3,7,2,96,24,54,63,75,4,25,9,312,282
612,EXR_8754,2018-10-31 07:00:00.000000,14,14,18,4,6,1,222,12,58,53,62,5,16,4,300,204
613,EXR_8548,2015-02-20 08:00:00.000000,12,12,10,4,15,4,120,18,46,36,65,9,18,8,300,240
614,EXR_8557,2017-04-27 09:00:00.000000,9,21,15,1,7,3,240,12,44,34,35,3,10,3,174,156
615,EXR_8755,2019-02-21 08:00:00.000000,20,23,15,3,10,2,222,36,41,42,46,4,6,5,198,198
616,EXR_8552,2016-02-24 08:00:00.000000,12,10,12,2,5,2,210,24,52,44,46,3,12,5,330,252
