,Code,Time,Negative,Positive,Uncertainty,Litigious,StrongModal,Constraining
0,C_5478,2018-04-13 07:30:00.000000,98,178,93,8,30,8
1,C_5479,2018-07-13 07:30:00.000000,88,228,105,5,25,11
2,C_5410,2016-07-15 07:30:00.000000,137,224,105,24,32,6
3,C_5476,2017-10-12 06:00:00.000000,139,164,112,17,37,4
4,C_5314,2014-07-14 06:00:00.000000,209,233,208,78,71,12
5,C_5251,2013-04-15 07:00:00.000000,208,140,117,53,62,14
6,C_5252,2013-07-15 06:30:00.000000,240,135,151,45,24,7
7,C_5534,2019-01-14 05:00:00.000000,200,265,172,5,30,24
8,C_5408,2016-01-15 06:30:00.000000,181,260,168,27,55,8
9,C_5537,2019-10-15 06:00:00.000000,110,203,123,3,40,13
10,C_5406,2015-07-21 07:00:00.000000,72,68,88,19,24,21
11,C_5411,2016-10-14 07:30:00.000000,136,198,102,14,35,13
12,C_5250,2013-01-17 06:00:00.000000,198,171,130,43,30,11
13,C_5246,2012-01-17 05:30:00.000000,210,142,159,48,46,5
14,C_5407,2015-10-15 07:00:00.000000,146,212,150,27,73,10
15,C_5315,2014-10-15 07:30:00.000000,165,181,101,43,34,14
16,C_5474,2017-04-13 07:30:00.000000,97,143,102,22,27,15
17,C_5313,2014-04-14 07:00:00.000000,226,205,155,49,56,28
18,C_5536,2019-07-15 06:00:00.000000,177,248,139,12,49,8
19,C_5405,2015-07-16 07:00:00.000000,152,211,165,34,44,14
20,C_5316,2015-01-15 06:00:00.000000,185,168,152,48,38,12
21,C_5317,2015-04-16 07:00:00.000000,150,196,154,44,38,17
22,C_5477,2018-01-16 05:00:00.000000,142,259,131,14,44,5
23,C_5312,2014-01-16 06:00:00.000000,277,302,227,64,59,26
24,C_5223,2013-10-15 07:00:00.000000,268,224,181,39,70,12
25,C_5533,2018-10-12 07:30:00.000000,106,168,72,6,32,5
26,C_5535,2019-04-15 06:00:00.000000,115,209,79,11,33,12
27,C_5409,2016-04-15 07:00:00.000000,152,177,167,35,45,9
28,C_5475,2017-07-14 07:30:00.000000,97,171,92,14,34,9
29,C_5247,2012-04-16 07:00:00.000000,159,174,146,39,36,10
30,CA_4293,2013-05-07 12:30:00.000000,110,187,105,17,83,10
31,CA_4464,2017-05-11 13:00:00.000000,71,131,74,10,51,8
32,CA_4298,2014-10-22 13:00:00.000000,47,134,41,5,32,6
33,CA_4418,2016-01-26 12:00:00.000000,58,147,57,16,50,4
34,CA_4165,2012-01-24 12:00:00.000000,85,101,94,6,42,13
35,CA_4419,2016-05-12 13:00:00.000000,64,154,61,7,34,6
36,CA_4463,2017-08-02 13:00:00.000000,24,75,32,3,17,4
37,CA_4296,2014-01-21 12:00:00.000000,84,133,71,11,59,3
38,CA_4460,2018-05-08 13:00:00.000000,47,119,48,10,31,5
39,CA_4294,2013-07-24 13:00:00.000000,62,81,50,8,39,3
40,CA_4461,2018-01-30 12:00:00.000000,50,199,71,10,51,5
41,CA_4421,2016-10-27 13:00:00.000000,79,154,53,21,28,9
42,CA_4167,2012-07-26 13:00:00.000000,79,69,57,8,35,8
43,CA_4462,2017-10-25 13:00:00.000000,63,102,42,11,31,6
44,CA_4168,2012-10-25 13:00:00.000000,82,67,70,9,30,6
45,CA_4465,2015-07-24 13:00:00.000000,69,147,47,12,40,8
46,CA_4422,2017-01-24 12:00:00.000000,112,144,74,11,41,5
47,CA_4169,2013-01-22 12:00:00.000000,69,101,52,11,30,4
48,CA_4417,2015-10-22 13:00:00.000000,63,177,57,19,38,4
49,CA_4297,2014-07-23 13:00:00.000000,47,120,38,7,30,2
50,CA_4420,2016-07-28 13:00:00.000000,78,189,61,16,39,4
51,CA_4166,2012-05-10 13:00:00.000000,43,83,48,6,30,7
52,CAG_6172,2014-09-18 05:30:00.000000,72,207,51,6,71,4
53,CAG_6284,2016-06-30 05:30:00.000000,85,229,97,4,61,6
54,CAG_6288,2017-06-29 05:30:00.000000,134,280,89,3,99,14
55,CAG_6548,2012-03-22 05:30:00.000000,71,168,76,2,35,10
56,CAG_6371,2019-09-26 05:30:00.000000,96,226,56,4,49,6
57,CAG_6289,2017-09-28 05:30:00.000000,108,263,78,4,60,9
58,CAG_6282,2015-12-22 04:30:00.000000,124,248,80,5,103,8
59,CAG_6170,2014-03-20 05:30:00.000000,102,176,80,8,85,12
60,CAG_6369,2019-03-21 05:30:00.000000,85,246,71,0,69,7
61,CAG_6279,2015-03-26 05:30:00.000000,105,254,67,5,68,30
62,CAG_6368,2018-12-20 04:30:00.000000,197,253,100,3,84,8
63,CAG_6550,2012-06-21 05:30:00.000000,80,185,77,7,45,8
64,CAG_6365,2018-03-22 05:30:00.000000,88,240,87,5,48,9
65,CAG_6278,2014-12-18 04:30:00.000000,122,252,61,5,77,21
66,CAG_6165,2012-12-20 04:30:00.000000,69,243,78,1,47,12
67,CAG_6168,2013-09-19 05:30:00.000000,113,183,73,4,87,14
68,CAG_6370,2019-06-27 05:30:00.000000,156,245,83,4,87,10
69,CAG_6166,2013-04-03 05:30:00.000000,80,198,84,7,70,10
70,CAG_6283,2016-04-07 05:30:00.000000,99,248,80,5,75,4
71,CAG_6285,2016-09-29 05:30:00.000000,101,195,70,2,69,16
72,CAG_6366,2018-06-28 05:30:00.000000,72,211,93,6,74,10
73,CAG_6280,2015-06-30 05:30:00.000000,130,248,101,8,132,23
74,CAG_6167,2013-06-27 05:30:00.000000,72,216,78,10,49,7
75,CAG_6364,2017-12-21 04:30:00.000000,74,244,68,3,76,5
76,CAG_6169,2013-12-19 04:30:00.000000,89,174,86,13,61,10
77,CAG_6171,2014-06-26 05:30:00.000000,136,255,71,7,105,24
78,CAG_6164,2012-09-20 05:30:00.000000,75,227,69,2,42,9
79,CAG_6286,2016-12-22 04:30:00.000000,117,220,59,2,67,11
80,CAH_4118,2015-11-02 03:30:00.000000,67,182,109,10,61,5
81,CAH_4259,2016-10-31 04:30:00.000000,77,163,125,17,63,16
82,CAH_3960,2012-05-03 04:30:00.000000,101,129,132,22,61,8
83,CAH_4109,2013-08-01 04:30:00.000000,75,177,88,14,55,16
84,CAH_4119,2016-02-01 03:30:00.000000,81,165,87,4,52,7
85,CAH_4263,2017-11-06 03:30:00.000000,95,166,94,14,47,10
86,CAH_4117,2015-07-30 04:30:00.000000,81,226,111,15,64,11
87,CAH_4402,2018-11-08 03:30:00.000000,83,161,90,26,56,9
88,CAH_4264,2018-02-08 03:30:00.000000,74,156,74,9,37,12
89,CAH_4115,2015-01-29 03:30:00.000000,75,170,90,9,52,7
90,CAH_4406,2019-11-07 03:00:00.000000,107,152,95,53,71,13
91,CAH_4260,2017-02-07 03:30:00.000000,91,161,112,8,44,10
92,CAH_4404,2019-05-09 04:30:00.000000,87,154,74,12,41,10
93,CAH_4258,2016-08-02 04:00:00.000000,96,197,107,12,58,12
94,CAH_3963,2013-02-05 03:30:00.000000,103,178,103,28,39,10
95,CAH_4403,2019-02-07 03:30:00.000000,92,180,122,14,34,4
96,CAH_4474,2020-02-06 03:30:00.000000,100,138,88,13,36,10
97,CAH_4108,2013-05-02 04:30:00.000000,80,133,115,25,56,14
98,CAH_3962,2012-10-30 04:30:00.000000,66,146,102,8,28,8
99,CAH_4120,2016-04-28 04:30:00.000000,66,140,81,10,62,3
100,CAH_4112,2014-05-01 04:30:00.000000,77,168,107,30,51,12
101,CAH_4262,2017-08-02 04:30:00.000000,109,194,118,13,75,17
102,CAH_4400,2018-05-03 04:30:00.000000,122,194,103,13,62,11
103,CAH_4111,2014-01-30 03:30:00.000000,76,232,136,13,49,14
104,CAH_4110,2013-10-31 04:30:00.000000,87,174,99,23,55,11
105,CAH_4116,2015-04-30 04:30:00.000000,79,154,78,5,47,6
106,CAH_4114,2014-10-30 04:30:00.000000,82,234,129,16,61,11
107,CAH_4261,2017-05-01 04:30:00.000000,78,136,80,14,57,7
108,CAT_4224,2016-10-25 07:00:00.000000,148,120,101,1,58,16
109,CAT_3918,2013-07-24 07:00:00.000000,116,95,81,11,38,12
110,CAT_4365,2019-07-24 07:00:00.000000,116,152,90,4,58,12
111,CAT_3855,2013-04-22 07:00:00.000000,106,97,103,6,29,6
112,CAT_4570,2017-04-26 07:00:00.000000,107,169,104,5,27,11
113,CAT_4367,2020-01-31 03:30:00.000000,144,172,95,3,51,13
114,CAT_4360,2018-04-24 07:00:00.000000,99,202,63,3,37,9
115,CAT_4362,2018-10-23 07:00:00.000000,72,185,56,1,42,12
116,CAT_3853,2012-10-22 07:00:00.000000,138,120,91,4,48,8
117,CAT_4361,2018-07-30 07:00:00.000000,97,174,90,1,38,15
118,CAT_4518,2016-07-26 07:00:00.000000,141,113,86,3,23,9
119,CAT_4523,2015-04-23 07:00:00.000000,123,117,88,4,50,3
120,CAT_4572,2017-10-24 07:00:00.000000,85,169,67,2,25,8
121,CAT_3923,2014-10-23 07:00:00.000000,100,109,97,4,26,9
122,CAT_4571,2017-07-25 07:00:00.000000,98,146,70,1,18,14
123,CAT_4364,2019-04-24 07:00:00.000000,101,130,86,4,39,13
124,CAT_3850,2012-01-26 06:00:00.000000,97,155,83,3,62,9
125,CAT_3921,2014-04-24 07:00:00.000000,103,137,114,3,32,5
126,CAT_3854,2013-01-28 06:00:00.000000,146,131,69,7,41,14
127,CAT_4524,2015-01-27 06:00:00.000000,143,150,97,4,47,7
128,CAT_4225,2017-01-26 06:00:00.000000,135,125,72,5,34,10
129,CAT_4363,2019-01-28 06:00:00.000000,119,143,90,2,56,12
130,CAT_4366,2019-10-23 04:30:00.000000,118,122,131,0,59,16
131,CAT_3920,2014-01-27 06:00:00.000000,107,138,97,6,36,4
132,CAT_4522,2015-07-23 07:00:00.000000,128,99,79,3,33,11
133,CAT_3922,2014-07-24 07:00:00.000000,100,164,68,3,55,5
134,CAT_4573,2018-01-25 06:00:00.000000,104,201,68,8,35,21
135,CAT_4520,2016-01-28 06:00:00.000000,154,108,80,4,38,14
136,CAT_3852,2012-07-25 07:00:00.000000,125,153,89,3,55,4
137,CB_4995,2015-01-29 11:30:00.000000,184,153,114,32,39,13
138,CB_4985,2013-10-24 13:00:00.000000,117,182,90,20,56,8
139,CB_4991,2014-07-25 13:00:00.000000,174,190,144,35,63,3
140,CB_5108,2018-10-24 04:30:00.000000,155,152,82,18,36,7
141,CB_5100,2016-10-26 04:30:00.000000,95,140,94,9,67,11
142,CB_5098,2016-05-05 04:30:00.000000,73,168,89,8,50,5
143,CB_4893,2013-02-01 12:00:00.000000,262,204,137,25,53,7
144,CB_4987,2014-01-31 12:00:00.000000,184,185,126,17,41,11
145,CB_5109,2019-02-06 03:30:00.000000,133,136,84,12,32,2
146,CB_5106,2018-04-25 04:30:00.000000,140,122,70,14,28,1
147,CB_4889,2012-07-26 13:00:00.000000,207,136,121,25,40,4
148,CB_4988,2014-04-24 13:00:00.000000,185,159,84,17,59,5
149,CB_5104,2017-10-27 04:30:00.000000,163,82,89,12,39,12
150,CB_5103,2017-07-26 04:30:00.000000,97,137,77,13,54,6
151,CB_5101,2017-02-01 03:30:00.000000,149,162,85,16,51,8
152,CB_4895,2013-04-25 13:00:00.000000,178,187,91,31,30,3
153,CB_4997,2015-04-24 13:00:00.000000,189,168,122,19,54,8
154,CB_4884,2012-01-26 12:00:00.000000,243,133,125,36,51,9
155,CB_5113,2020-02-05 03:30:00.000000,151,83,90,20,35,5
156,CB_4983,2013-07-26 13:00:00.000000,204,143,129,18,32,4
157,CB_4891,2012-10-25 13:00:00.000000,156,165,112,24,42,4
158,CB_5099,2016-07-27 04:30:00.000000,106,150,91,22,33,8
159,CB_5111,2019-07-24 04:30:00.000000,95,87,65,5,27,5
160,CB_4886,2012-04-20 13:00:00.000000,211,144,114,16,41,10
161,CB_5110,2019-05-01 04:30:00.000000,112,85,67,8,24,3
162,CB_5102,2017-04-28 04:30:00.000000,101,112,72,24,32,9
163,CBOE_4396,2019-05-03 04:30:00.000000,96,94,116,11,33,8
164,CBOE_4099,2013-05-03 04:30:00.000000,89,106,104,75,63,8
165,CBOE_4253,2017-02-06 12:00:00.000000,66,112,90,24,34,5
166,CBOE_4097,2012-11-01 04:30:00.000000,113,115,111,56,64,5
167,CBOE_4475,2018-05-04 04:30:00.000000,95,147,99,43,26,5
168,CBOE_4250,2016-04-29 04:30:00.000000,63,86,76,44,31,8
169,CBOE_4106,2015-02-06 03:30:00.000000,99,177,99,43,63,5
170,CBOE_4248,2015-10-30 04:30:00.000000,84,160,97,44,49,7
171,CBOE_4393,2018-08-03 04:30:00.000000,87,166,96,14,39,6
172,CBOE_4104,2014-08-01 04:30:00.000000,107,108,126,33,38,4
173,CBOE_4103,2014-05-06 19:30:00.000000,116,136,145,44,45,12
174,CBOE_4398,2019-11-01 04:30:00.000000,86,173,107,17,42,15
175,CBOE_4394,2018-11-02 04:30:00.000000,147,138,115,34,41,11
176,CBOE_4249,2016-02-03 03:30:00.000000,121,119,132,36,53,8
177,CBOE_4096,2012-08-02 04:30:00.000000,65,88,85,10,32,7
178,CBOE_4107,2015-05-01 04:30:00.000000,128,133,103,41,54,11
179,CBOE_4098,2013-02-08 03:30:00.000000,96,151,92,61,73,8
180,CBOE_4397,2019-08-02 04:30:00.000000,78,129,98,27,60,13
181,CBOE_4101,2013-11-01 04:30:00.000000,152,130,188,65,38,14
182,CBOE_4100,2013-08-02 04:30:00.000000,78,82,88,28,41,7
183,CBOE_4247,2015-07-31 04:30:00.000000,96,146,86,46,36,6
184,CBOE_4255,2017-08-06 04:30:00.000000,87,199,91,20,48,14
185,CBOE_4257,2018-02-09 03:30:00.000000,100,171,95,30,55,9
186,CBOE_4256,2017-11-07 03:30:00.000000,71,174,87,37,56,18
187,CBOE_4252,2016-10-28 04:30:00.000000,102,118,90,16,44,7
188,CBOE_4095,2012-05-01 13:00:00.000000,123,138,105,32,49,7
189,CBOE_4395,2019-02-08 03:30:00.000000,104,154,130,14,51,12
190,CBOE_4102,2014-02-07 03:30:00.000000,109,106,131,82,61,12
191,CCI_6325,2018-04-19 06:30:00.000000,70,129,127,18,28,30
192,CCI_6327,2018-10-18 06:30:00.000000,74,124,156,14,62,19
193,CCI_6215,2015-04-23 06:30:00.000000,63,152,153,9,53,16
194,CCI_6213,2014-10-31 06:30:00.000000,81,142,194,47,53,22
195,CCI_6125,2014-01-23 05:30:00.000000,67,149,150,16,47,13
196,CCI_6328,2019-01-24 05:30:00.000000,57,106,131,16,54,16
197,CCI_6111,2012-10-25 06:30:00.000000,60,106,117,31,41,17
198,CCI_6326,2018-07-19 06:30:00.000000,87,194,125,14,51,20
199,CCI_6112,2013-01-24 05:30:00.000000,73,126,133,21,41,12
200,CCI_6223,2017-04-26 06:30:00.000000,95,162,167,31,69,17
201,CCI_6221,2016-10-21 06:30:00.000000,92,134,134,26,65,9
202,CCI_6114,2013-07-25 06:30:00.000000,74,118,116,20,44,16
203,CCI_6322,2017-07-19 03:30:00.000000,49,110,129,19,56,14
204,CCI_6212,2014-07-24 06:30:00.000000,60,112,167,24,46,16
205,CCI_6220,2016-07-22 06:30:00.000000,74,135,144,7,34,11
206,CCI_6216,2015-07-23 06:30:00.000000,62,172,144,15,53,9
207,CCI_6110,2012-07-26 06:30:00.000000,77,160,156,31,30,32
208,CCI_6381,2014-04-24 06:30:00.000000,54,124,135,24,55,12
209,CCI_6324,2018-01-25 05:30:00.000000,52,124,109,17,33,22
210,CCI_6113,2013-04-25 06:30:00.000000,72,118,146,25,30,10
211,CCI_6115,2013-10-21 03:30:00.000000,53,84,135,14,32,23
212,CCI_6330,2019-07-18 06:30:00.000000,59,109,104,8,42,16
213,CCI_6109,2012-04-26 06:30:00.000000,74,131,137,8,44,19
214,CCI_6329,2019-04-18 06:30:00.000000,80,112,117,20,39,22
215,CCI_6108,2012-01-26 06:00:00.000000,87,163,145,30,78,17
216,CCI_6323,2017-10-19 06:30:00.000000,63,100,128,13,64,10
217,CCI_6218,2016-01-28 03:00:00.000000,50,163,99,13,34,14
218,CCI_6217,2015-10-22 06:30:00.000000,81,153,195,34,61,21
219,CCL_4377,2017-06-22 06:00:00.000000,80,175,49,2,47,3
220,CCL_4381,2018-09-27 06:00:00.000000,54,172,56,3,68,6
221,CCL_4229,2014-03-25 06:00:00.000000,83,159,69,5,43,2
222,CCL_4369,2015-06-23 06:00:00.000000,85,215,64,11,51,5
223,CCL_4382,2019-03-26 06:00:00.000000,78,156,93,8,52,6
224,CCL_4368,2015-03-27 06:00:00.000000,72,196,52,3,57,8
225,CCL_4578,2012-09-25 06:00:00.000000,138,126,63,4,59,10
226,CCL_4228,2013-12-19 05:30:00.000000,104,135,49,4,57,5
227,CCL_4487,2012-12-20 05:00:00.000000,103,138,77,4,87,7
228,CCL_4376,2017-03-28 06:00:00.000000,72,167,73,7,57,6
229,CCL_4371,2015-12-18 05:00:00.000000,75,187,83,3,42,9
230,CCL_4226,2013-06-25 06:00:00.000000,79,181,91,6,84,6
231,CCL_4383,2019-06-20 06:00:00.000000,125,133,80,4,63,11
232,CCL_4577,2012-06-22 06:00:00.000000,126,106,77,6,48,4
233,CCL_4230,2014-06-24 06:00:00.000000,68,211,53,4,56,3
234,CCL_4374,2016-09-26 06:00:00.000000,63,199,100,7,70,17
235,CCL_4231,2014-09-23 06:00:00.000000,77,220,92,6,100,12
236,CCL_4379,2017-12-20 05:00:00.000000,83,180,53,1,60,10
237,CCL_4373,2016-06-28 06:00:00.000000,68,153,91,8,38,7
238,CCL_4380,2018-06-25 06:00:00.000000,88,173,57,3,52,10
239,CCL_4227,2013-09-24 06:00:00.000000,79,149,57,11,49,7
240,CCL_4232,2014-12-19 05:00:00.000000,88,202,73,6,65,15
241,CCL_4576,2012-03-09 05:00:00.000000,152,126,106,7,74,12
242,CCL_4370,2015-09-22 06:00:00.000000,76,174,64,6,63,5
243,CCL_4375,2016-12-20 05:00:00.000000,78,191,73,6,53,15
244,CCL_4372,2016-03-30 06:00:00.000000,81,144,79,4,47,9
245,CELG_3756,2014-07-24 05:00:00.000000,106,234,98,18,56,16
246,CELG_3915,2016-01-28 04:00:00.000000,85,262,94,15,42,6
247,CELG_3794,2014-01-30 04:00:00.000000,69,187,84,12,50,1
248,CELG_3789,2013-01-24 04:00:00.000000,99,217,96,19,55,9
249,CELG_3792,2013-10-24 05:00:00.000000,87,194,73,28,76,8
250,CELG_4222,2018-01-25 04:00:00.000000,94,193,71,7,65,7
251,CELG_3835,2015-04-30 05:00:00.000000,100,274,82,15,67,12
252,CELG_3767,2013-04-25 06:00:00.000000,102,217,108,35,64,8
253,CELG_3914,2015-11-05 04:00:00.000000,94,308,74,10,47,12
254,CELG_3796,2014-04-24 05:00:00.000000,99,180,99,13,33,16
255,CELG_4525,2017-07-27 05:00:00.000000,59,231,73,6,37,4
256,CELG_3917,2016-07-28 05:00:00.000000,68,217,51,10,49,2
257,CELG_4358,2018-10-25 05:00:00.000000,95,170,65,21,43,6
258,CELG_3786,2012-04-26 05:00:00.000000,105,204,96,33,69,8
259,CELG_3787,2012-07-26 05:00:00.000000,71,208,72,19,34,6
260,CELG_3833,2015-01-29 04:00:00.000000,81,223,109,16,70,8
261,CELG_4359,2019-01-31 04:00:00.000000,110,183,76,34,64,7
262,CELG_4527,2017-01-26 04:00:00.000000,72,230,60,10,63,4
263,CELG_3790,2013-07-25 05:00:00.000000,110,213,112,30,44,10
264,CELG_3913,2015-07-23 05:00:00.000000,63,218,70,10,42,7
265,CELG_3916,2016-04-28 05:00:00.000000,78,225,65,8,49,7
266,CELG_4221,2017-10-26 05:00:00.000000,151,266,107,13,63,16
267,CELG_4526,2017-04-27 05:00:00.000000,115,204,61,27,71,7
268,CELG_3788,2012-10-25 05:00:00.000000,95,204,74,40,64,20
269,CELG_4223,2018-05-04 05:00:00.000000,109,186,87,27,41,12
270,CELG_4357,2018-07-26 05:00:00.000000,77,188,73,30,34,4
271,CELG_4045,2016-10-27 05:00:00.000000,129,238,83,9,45,9
272,CERN_4954,2013-07-25 12:30:00.000000,60,160,68,12,38,14
273,CERN_5062,2017-04-27 12:30:00.000000,69,190,72,8,30,13
274,CERN_4961,2015-05-07 12:30:00.000000,61,162,74,29,44,14
275,CERN_4962,2015-08-04 12:30:00.000000,62,151,76,14,42,8
276,CERN_5058,2016-05-05 12:30:00.000000,53,146,72,12,35,4
277,CERN_5068,2018-10-25 12:30:00.000000,84,164,95,36,52,17
278,CERN_4956,2014-02-04 11:30:00.000000,50,135,77,23,54,6
279,CERN_5069,2019-02-06 11:30:00.000000,68,195,88,19,36,8
280,CERN_4955,2013-10-24 12:30:00.000000,70,167,69,7,61,10
281,CERN_5072,2019-10-24 12:30:00.000000,72,177,73,12,65,8
282,CERN_5060,2016-11-01 12:30:00.000000,88,170,82,27,65,9
283,CERN_5063,2017-07-27 12:30:00.000000,75,180,61,14,29,10
284,CERN_4960,2015-02-10 11:30:00.000000,31,187,81,22,53,7
285,CERN_4834,2012-04-26 12:30:00.000000,63,165,68,22,49,7
286,CERN_4963,2015-11-03 11:30:00.000000,62,135,70,29,34,3
287,CERN_4836,2012-10-25 12:30:00.000000,43,172,86,16,42,15
288,CERN_5066,2018-05-02 12:30:00.000000,83,169,90,29,42,4
289,CERN_4833,2012-02-07 11:30:00.000000,74,168,86,30,75,18
290,CERN_5073,2020-02-04 11:30:00.000000,85,192,85,30,57,14
291,CERN_5065,2018-02-06 11:30:00.000000,55,173,97,17,34,10
292,CERN_4957,2014-04-24 12:30:00.000000,75,152,80,14,52,8
293,CERN_4964,2016-02-16 11:30:00.000000,85,263,101,16,62,5
294,CERN_4959,2014-10-23 12:30:00.000000,54,144,88,16,45,7
295,CERN_5070,2019-04-25 12:30:00.000000,70,228,59,12,68,23
296,CERN_4837,2013-02-05 11:30:00.000000,60,185,66,18,54,11
297,CERN_5067,2018-08-02 12:30:00.000000,56,186,66,16,53,8
298,CERN_4838,2013-04-25 12:30:00.000000,65,139,69,6,48,7
299,CERN_5059,2016-08-02 12:30:00.000000,60,136,65,23,24,6
300,CERN_4958,2014-07-25 12:30:00.000000,45,144,60,19,48,13
301,CF_4945,2015-11-05 04:00:00.000000,71,138,85,17,61,12
302,CF_4952,2017-08-03 05:00:00.000000,127,144,95,10,90,17
303,CF_4949,2016-11-03 05:00:00.000000,85,104,89,10,60,21
304,CF_5051,2018-08-02 05:00:00.000000,94,136,66,7,67,9
305,CF_4816,2013-02-20 05:00:00.000000,74,117,59,5,27,14
306,CF_5055,2019-08-01 07:00:00.000000,104,135,80,3,70,7
307,CF_4822,2014-08-07 07:00:00.000000,112,131,104,11,57,24
308,CF_4813,2012-05-04 06:00:00.000000,94,124,96,4,34,12
309,CF_4946,2016-02-18 04:00:00.000000,110,97,125,6,59,10
310,CF_4814,2012-08-08 06:00:00.000000,80,90,81,5,51,14
311,CF_4943,2015-05-07 05:00:00.000000,73,177,86,17,66,11
312,CF_4953,2017-11-02 05:00:00.000000,96,131,107,4,49,6
313,CF_5053,2019-02-14 04:00:00.000000,99,108,90,6,67,11
314,CF_4821,2014-05-08 06:00:00.000000,114,124,110,10,51,10
315,CF_4948,2016-08-04 05:00:00.000000,118,116,88,15,71,19
316,CF_5052,2018-11-01 05:00:00.000000,117,136,146,9,73,4
317,CF_4951,2017-05-04 05:00:00.000000,114,107,118,17,64,9
318,CF_4944,2015-08-06 04:30:00.000000,63,125,75,7,98,12
319,CF_4820,2014-02-19 05:00:00.000000,87,96,90,8,67,15
320,CF_5054,2019-05-02 05:00:00.000000,119,82,80,6,56,10
321,CF_4947,2016-05-05 05:00:00.000000,107,97,102,4,67,7
322,CF_4818,2013-08-07 06:00:00.000000,89,114,113,2,48,9
323,CF_4817,2013-05-09 06:00:00.000000,97,130,93,15,73,6
324,CF_4815,2012-11-06 05:00:00.000000,71,113,89,7,49,16
325,CF_5057,2020-02-13 04:00:00.000000,93,153,89,6,65,9
326,CF_5050,2018-05-03 05:00:00.000000,125,85,81,7,73,3
327,CF_4812,2012-02-16 04:00:00.000000,82,145,89,9,55,13
328,CF_4608,2014-11-06 05:00:00.000000,129,123,95,12,68,13
329,CF_4950,2017-02-16 04:00:00.000000,87,86,88,9,76,13
330,CFG_5529,2019-04-18 05:00:00.000000,72,254,67,3,48,10
331,CFG_5527,2018-10-19 05:00:00.000000,72,265,77,6,49,7
332,CFG_5472,2018-01-19 04:00:00.000000,62,261,89,18,59,5
333,CFG_5404,2017-04-20 05:00:00.000000,46,204,56,4,39,4
334,CFG_5473,2018-04-20 05:00:00.000000,67,190,75,5,21,2
335,CFG_5395,2015-01-26 03:30:00.000000,80,195,91,12,38,5
336,CFG_5402,2016-10-21 04:30:00.000000,78,258,74,8,32,3
337,CFG_5471,2017-10-20 05:00:00.000000,56,250,68,5,39,9
338,CFG_5398,2015-10-23 04:30:00.000000,82,232,62,8,47,10
339,CFG_5400,2016-04-22 05:00:00.000000,52,219,63,13,39,8
340,CFG_5532,2020-01-17 04:00:00.000000,76,302,81,6,41,4
341,CFG_5403,2017-01-20 04:00:00.000000,66,243,100,11,41,6
342,CFG_5396,2015-04-22 05:00:00.000000,78,231,89,5,49,4
343,CFG_5531,2019-10-18 05:00:00.000000,127,240,98,3,53,10
344,CFG_5530,2019-07-19 05:00:00.000000,91,211,64,2,38,5
345,CFG_5401,2016-07-21 04:30:00.000000,55,289,67,5,73,5
346,CFG_5399,2016-01-22 04:00:00.000000,69,224,105,4,60,9
347,CFG_5528,2019-01-18 04:00:00.000000,94,312,80,8,51,12
348,CHD_4606,2016-02-02 07:30:00.000000,84,153,63,2,37,9
349,CHD_4598,2017-11-02 06:00:00.000000,75,106,52,3,15,2
350,CHD_4870,2013-08-02 06:00:00.000000,83,208,52,1,42,0
351,CHD_4601,2018-08-02 06:00:00.000000,108,120,67,6,20,3
352,CHD_5093,2019-07-31 06:00:00.000000,61,120,95,0,19,3
353,CHD_4599,2018-02-05 07:30:00.000000,76,224,111,7,41,6
354,CHD_4875,2014-11-03 05:00:00.000000,74,171,72,2,48,2
355,CHD_5091,2019-02-06 07:00:00.000000,73,195,66,4,46,9
356,CHD_4981,2017-05-04 06:00:00.000000,55,114,59,5,27,1
357,CHD_4610,2012-08-07 06:00:00.000000,129,268,86,10,44,5
358,CHD_5147,2017-02-07 07:30:00.000000,93,152,78,6,24,3
359,CHD_4612,2013-02-05 07:30:00.000000,65,262,104,6,97,6
360,CHD_5095,2020-02-01 08:00:00.000000,57,135,71,8,23,7
361,CHD_5198,2016-08-04 06:00:00.000000,70,124,73,4,26,3
362,CHD_4602,2018-11-01 06:00:00.000000,71,109,51,1,18,0
363,CHD_4871,2013-11-01 06:00:00.000000,96,278,61,1,61,5
364,CHD_4982,2017-08-03 06:00:00.000000,100,133,73,8,23,0
365,CHD_4872,2014-02-04 05:00:00.000000,136,438,153,7,74,13
366,CHD_4600,2018-05-03 06:00:00.000000,63,132,57,1,15,1
367,CHD_4874,2014-08-01 06:00:00.000000,99,235,64,3,53,6
368,CHD_5148,2016-11-03 06:00:00.000000,107,126,64,2,19,5
369,CHD_4607,2016-05-05 06:00:00.000000,59,98,67,3,22,2
370,CHD_5092,2019-05-02 06:00:00.000000,72,98,63,2,21,0
371,CHD_4604,2015-08-04 06:00:00.000000,93,191,68,6,29,11
372,CHD_4603,2015-05-07 06:00:00.000000,81,279,67,9,41,4
373,CHD_4873,2014-05-01 06:00:00.000000,114,182,62,5,58,3
374,CHD_4609,2012-05-04 07:00:00.000000,123,195,123,7,73,4
375,CHD_4605,2015-11-02 05:00:00.000000,72,178,63,2,26,3
376,CHK_5018,2016-11-03 05:00:00.000000,42,132,61,18,28,10
377,CHK_5150,2016-02-24 04:00:00.000000,57,100,51,9,36,23
378,CHK_5130,2018-08-01 05:00:00.000000,37,146,61,5,44,6
379,CHK_5020,2017-05-04 05:00:00.000000,37,142,48,5,34,6
380,CHK_5019,2017-02-23 04:00:00.000000,34,110,49,5,21,12
381,CHK_5128,2018-02-22 04:00:00.000000,31,140,69,5,44,15
382,CHK_4768,2012-02-22 04:00:00.000000,74,161,109,7,94,12
383,CHK_5129,2018-05-02 05:00:00.000000,24,138,52,2,28,11
384,CHK_5152,2015-08-05 05:00:00.000000,58,250,77,6,48,17
385,CHK_4769,2012-05-02 05:00:00.000000,152,197,144,5,118,14
386,CHK_4770,2012-08-07 05:00:00.000000,89,169,106,2,74,3
387,CHK_4774,2013-08-01 04:30:00.000000,77,203,82,8,80,19
388,CHK_4777,2014-05-07 05:00:00.000000,78,215,102,5,57,13
389,CHK_4772,2013-02-21 04:00:00.000000,66,172,109,6,61,10
390,CHK_5156,2014-08-06 05:00:00.000000,56,179,68,8,42,15
391,CHK_5149,2016-05-05 05:00:00.000000,41,125,46,9,29,10
392,CHK_5134,2019-08-06 05:00:00.000000,65,214,93,11,76,19
393,CHK_4771,2012-11-02 05:00:00.000000,99,146,108,4,78,6
394,CHK_5021,2017-08-03 05:00:00.000000,27,133,56,6,26,4
395,CHK_5189,2016-08-04 05:00:00.000000,46,113,60,8,26,7
396,CHK_5135,2019-11-05 04:00:00.000000,52,127,65,5,27,13
397,CHK_5154,2015-02-25 04:00:00.000000,91,225,86,7,50,13
398,CHK_4775,2013-11-06 04:00:00.000000,62,202,113,8,62,10
399,CHK_5131,2018-10-30 05:00:00.000000,67,193,79,4,69,10
400,CHK_5151,2015-11-04 04:00:00.000000,65,192,63,10,40,14
401,CHK_5133,2019-05-08 05:00:00.000000,49,197,64,3,53,9
402,CHK_5132,2019-02-27 04:00:00.000000,51,218,52,6,43,6
403,CHK_5022,2017-11-02 05:00:00.000000,44,129,48,5,29,5
404,CHRW_4312,2017-07-20 04:30:00.000000,87,107,114,34,43,29
405,CHRW_4177,2012-01-31 12:00:00.000000,87,106,121,17,50,9
406,CHRW_4301,2014-10-29 04:30:00.000000,84,133,102,16,64,17
407,CHRW_4183,2013-08-06 14:00:00.000000,111,107,61,8,50,5
408,CHRW_4304,2015-07-29 04:30:00.000000,82,169,101,20,57,28
409,CHRW_4306,2016-02-03 03:30:00.000000,79,125,89,29,48,27
410,CHRW_4425,2020-01-29 03:30:00.000000,125,139,74,25,52,11
411,CHRW_4310,2017-02-01 03:30:00.000000,63,172,78,11,48,23
412,CHRW_4186,2014-04-30 04:30:00.000000,105,123,105,14,66,28
413,CHRW_4185,2014-02-05 03:30:00.000000,127,125,93,20,91,25
414,CHRW_4179,2012-07-24 13:00:00.000000,89,120,121,8,36,29
415,CHRW_4307,2016-04-27 04:30:00.000000,92,154,80,28,44,21
416,CHRW_4313,2017-11-01 04:30:00.000000,100,133,73,21,62,28
417,CHRW_4303,2015-04-28 04:30:00.000000,100,114,103,19,48,23
418,CHRW_4309,2016-10-26 04:30:00.000000,94,173,73,23,45,22
419,CHRW_4459,2018-05-02 04:30:00.000000,89,169,67,38,47,28
420,CHRW_4302,2015-02-04 03:30:00.000000,94,167,88,10,67,9
421,CHRW_4455,2019-05-01 04:30:00.000000,97,170,64,18,59,14
422,CHRW_4424,2019-10-30 04:30:00.000000,117,169,65,31,47,19
423,CHRW_4423,2019-07-31 04:30:00.000000,122,151,51,35,33,9
424,CHRW_4458,2018-08-01 04:30:00.000000,107,202,87,23,54,24
425,CHRW_4456,2019-01-30 03:30:00.000000,72,156,73,22,47,15
426,CHRW_4305,2015-10-28 04:30:00.000000,90,148,85,19,49,12
427,CHRW_4187,2014-07-30 04:30:00.000000,100,114,91,8,47,14
428,CHRW_4180,2012-10-23 13:00:00.000000,90,91,90,12,62,4
429,CHRW_4182,2013-05-07 13:00:00.000000,78,120,89,14,54,16
430,CHRW_4181,2013-02-05 12:00:00.000000,91,125,101,8,56,3
431,CHRW_4457,2018-10-31 04:30:00.000000,94,196,73,21,31,21
432,CHRW_4311,2017-04-26 04:30:00.000000,72,101,83,30,40,13
433,CHTR_4935,2016-04-28 06:00:00.000000,62,81,59,12,62,15
434,CHTR_5039,2018-02-02 05:00:00.000000,77,126,54,15,53,10
435,CHTR_4937,2016-08-09 06:00:00.000000,92,96,72,15,36,13
436,CHTR_4932,2015-10-29 06:00:00.000000,91,91,54,6,34,10
437,CHTR_5043,2019-01-31 03:30:00.000000,76,120,51,2,49,11
438,CHTR_5041,2018-07-31 04:30:00.000000,89,85,63,11,39,17
439,CHTR_4934,2016-02-04 05:00:00.000000,77,96,61,11,32,9
440,CHTR_5165,2013-08-06 06:00:00.000000,56,117,53,4,31,9
441,CHTR_5040,2018-04-27 06:00:00.000000,88,117,67,8,55,6
442,CHTR_5042,2018-10-26 04:30:00.000000,87,104,43,8,68,6
443,CHTR_4799,2014-04-28 06:00:00.000000,43,85,46,2,22,8
444,CHTR_5163,2013-11-05 05:00:00.000000,60,92,62,2,29,4
445,CHTR_4807,2015-05-01 06:00:00.000000,72,101,65,13,32,7
446,CHTR_4641,2012-05-08 07:00:00.000000,53,126,52,5,29,7
447,CHTR_5046,2019-10-25 04:30:00.000000,68,128,47,2,20,11
448,CHTR_4940,2017-05-02 04:30:00.000000,98,93,56,15,33,9
449,CHTR_4805,2015-02-05 05:00:00.000000,66,81,48,17,38,5
450,CHTR_4683,2012-11-06 05:00:00.000000,69,110,53,0,33,3
451,CHTR_4941,2017-07-27 06:00:00.000000,85,109,52,8,25,8
452,CHTR_4809,2015-08-04 06:00:00.000000,59,116,63,3,45,9
453,CHTR_5045,2019-07-26 04:00:00.000000,78,115,46,5,23,8
454,CHTR_4938,2016-11-03 06:00:00.000000,91,75,71,15,50,9
455,CHTR_4643,2012-08-07 07:00:00.000000,60,110,62,1,36,12
456,CHTR_5038,2017-10-26 06:00:00.000000,69,101,53,5,34,15
457,CHTR_4685,2013-02-22 05:00:00.000000,60,122,48,5,24,5
458,CHTR_4797,2014-02-21 05:00:00.000000,62,111,53,3,35,5
459,CHTR_5047,2020-01-31 03:30:00.000000,65,95,50,9,36,9
460,CHTR_5167,2013-05-07 06:00:00.000000,84,88,56,9,21,5
461,CI_4929,2015-02-05 03:30:00.000000,84,304,89,9,54,9
462,CI_5032,2018-11-01 04:30:00.000000,99,334,108,11,75,10
463,CI_4790,2012-02-02 03:30:00.000000,88,251,90,20,62,8
464,CI_5026,2017-05-05 04:30:00.000000,81,259,79,20,47,6
465,CI_5029,2018-02-01 03:30:00.000000,89,293,85,13,63,2
466,CI_5023,2016-07-29 04:30:00.000000,152,240,120,77,66,16
467,CI_5031,2018-08-02 04:30:00.000000,105,339,89,12,59,6
468,CI_4794,2013-02-07 03:30:00.000000,106,255,85,17,32,5
469,CI_5035,2019-08-01 04:30:00.000000,123,249,89,12,39,2
470,CI_5033,2019-02-01 03:30:00.000000,120,226,95,23,72,8
471,CI_4795,2013-05-02 04:30:00.000000,98,272,104,12,54,6
472,CI_5027,2017-08-04 04:00:00.000000,72,278,63,8,45,2
473,CI_5034,2019-05-02 04:30:00.000000,94,239,93,5,38,7
474,CI_5030,2018-05-03 04:30:00.000000,98,271,95,6,63,1
475,CI_5037,2020-02-06 03:30:00.000000,111,251,90,14,65,12
476,CI_5190,2013-08-01 04:30:00.000000,94,294,84,11,53,7
477,CI_4791,2012-05-03 04:30:00.000000,69,262,93,30,53,5
478,CI_5024,2016-11-03 04:30:00.000000,105,233,77,37,56,9
479,CI_5028,2017-11-02 04:30:00.000000,69,243,52,5,48,5
480,CI_4925,2014-02-07 03:30:00.000000,105,269,112,17,59,3
481,CI_4924,2013-10-31 04:30:00.000000,78,296,94,24,48,12
482,CI_4928,2014-10-30 04:30:00.000000,84,275,102,8,60,6
483,CI_4792,2012-08-02 04:30:00.000000,61,317,77,11,44,2
484,CI_4930,2015-04-30 04:30:00.000000,62,227,69,2,39,6
485,CI_4926,2014-05-01 04:30:00.000000,78,272,94,20,47,6
486,CI_4793,2012-11-01 04:30:00.000000,63,266,81,14,59,7
487,CINF_5548,2019-02-07 06:00:00.000000,101,140,62,11,27,4
488,CINF_5553,2017-10-27 07:00:00.000000,90,67,52,18,17,4
489,CINF_5451,2014-04-25 07:00:00.000000,88,88,46,13,26,2
490,CINF_5505,2016-10-26 07:00:00.000000,56,88,42,12,14,1
491,CINF_5545,2019-10-25 07:00:00.000000,100,112,75,13,18,5
492,CINF_5457,2015-10-28 07:00:00.000000,75,80,56,12,28,4
493,CINF_5449,2013-10-25 07:00:00.000000,119,112,92,34,35,7
494,CINF_5446,2013-02-07 06:00:00.000000,107,139,60,8,20,4
495,CINF_5546,2019-07-31 07:00:00.000000,88,132,69,24,19,5
496,CINF_5456,2015-07-29 07:00:00.000000,51,84,42,8,22,2
497,CINF_5447,2013-04-26 07:00:00.000000,116,121,50,10,21,1
498,CINF_5550,2018-07-27 07:00:00.000000,74,86,58,18,17,6
499,CINF_5554,2017-08-03 07:00:00.000000,41,63,25,11,6,1
500,CINF_5444,2012-07-27 07:00:00.000000,130,106,86,25,28,4
501,CINF_5555,2017-04-27 07:00:00.000000,86,86,40,28,28,2
502,CINF_5362,2012-02-09 06:00:00.000000,103,149,82,15,25,11
503,CINF_5454,2015-02-05 06:00:00.000000,67,116,51,16,20,4
504,CINF_5551,2018-04-26 07:00:00.000000,154,119,84,21,28,5
505,CINF_5552,2018-02-08 06:00:00.000000,86,124,46,10,25,0
506,CINF_5452,2014-07-30 07:00:00.000000,110,112,57,15,32,1
507,CINF_5556,2017-02-09 06:00:00.000000,102,139,60,13,44,1
508,CINF_5443,2012-04-27 07:00:00.000000,117,107,40,12,20,2
509,CINF_5455,2015-04-29 07:00:00.000000,67,102,65,15,28,3
510,CINF_5557,2016-07-27 07:00:00.000000,59,96,59,7,27,1
511,CINF_5450,2014-02-06 06:00:00.000000,85,112,45,12,20,4
512,CINF_5549,2018-10-26 07:00:00.000000,87,101,70,21,26,3
513,CINF_5544,2020-02-06 06:00:00.000000,73,136,87,13,23,12
514,CINF_5559,2016-02-04 06:00:00.000000,46,80,42,8,27,2
515,CINF_5445,2012-10-27 07:00:00.000000,133,144,95,20,28,4
516,CL_6256,2015-04-30 07:00:00.000000,75,149,56,3,53,8
517,CL_6257,2015-07-30 07:00:00.000000,100,173,63,3,50,12
518,CL_6265,2017-07-21 07:00:00.000000,131,183,86,9,57,5
519,CL_6345,2018-01-26 06:00:00.000000,104,205,83,5,50,6
520,CL_6258,2015-10-30 07:00:00.000000,99,152,73,6,61,2
521,CL_6348,2018-10-26 07:00:00.000000,148,147,53,1,58,9
522,CL_6254,2014-10-24 07:00:00.000000,80,116,68,1,29,4
523,CL_6250,2013-10-24 07:00:00.000000,64,190,74,4,48,2
524,CL_6346,2018-04-27 07:00:00.000000,127,190,56,0,42,5
525,CL_6139,2012-04-26 07:00:00.000000,78,197,57,2,45,3
526,CL_6138,2012-01-26 06:00:00.000000,111,214,91,4,64,4
527,CL_6262,2016-10-27 07:00:00.000000,90,126,61,7,23,3
528,CL_6352,2019-11-01 07:00:00.000000,54,159,30,0,41,1
529,CL_6143,2013-04-25 07:00:00.000000,87,147,51,3,61,3
530,CL_6252,2014-04-25 07:00:00.000000,89,160,46,9,41,3
531,CL_6264,2017-04-28 07:00:00.000000,111,165,54,1,52,19
532,CL_6351,2019-07-26 07:00:00.000000,71,214,49,1,41,2
533,CL_6141,2012-10-25 07:00:00.000000,105,132,65,0,43,3
534,CL_6255,2015-01-29 06:00:00.000000,74,197,60,1,67,3
535,CL_6347,2018-07-27 07:00:00.000000,99,155,63,4,67,11
536,CL_6142,2013-01-31 06:00:00.000000,95,149,61,6,53,3
537,CL_6261,2016-07-28 07:00:00.000000,57,115,54,2,42,3
538,CL_6349,2019-01-25 06:00:00.000000,91,212,77,2,51,4
539,CL_6263,2017-01-27 06:00:00.000000,132,185,69,1,59,4
540,CL_6140,2012-07-26 07:00:00.000000,89,174,58,4,50,6
541,CL_6350,2019-04-26 07:00:00.000000,46,145,30,1,55,2
542,CL_6251,2014-01-30 06:00:00.000000,105,198,82,10,54,10
543,CL_6253,2014-07-31 07:00:00.000000,85,145,62,3,61,3
544,CL_6259,2016-01-29 06:00:00.000000,87,148,48,6,48,11
545,CLX_5201,2018-10-31 09:30:00.000000,99,247,99,6,55,6
546,CLX_5221,2015-05-01 09:30:00.000000,90,225,100,3,54,9
547,CLX_5287,2012-08-02 09:30:00.000000,115,183,129,9,62,8
548,CLX_5205,2019-10-31 09:30:00.000000,121,209,63,7,45,6
549,CLX_5199,2018-05-02 09:30:00.000000,89,235,74,3,70,10
550,CLX_5206,2020-02-04 08:30:00.000000,95,274,99,1,57,8
551,CLX_5214,2018-02-02 08:30:00.000000,105,275,94,9,89,19
552,CLX_5383,2015-11-02 08:30:00.000000,43,220,77,1,48,12
553,CLX_5204,2019-08-01 09:30:00.000000,129,269,99,1,79,7
554,CLX_5219,2014-10-31 09:30:00.000000,110,235,96,7,53,5
555,CLX_5291,2013-08-01 09:30:00.000000,100,165,87,2,28,2
556,CLX_5212,2017-08-03 09:30:00.000000,97,290,110,2,59,10
557,CLX_5211,2017-05-03 09:30:00.000000,86,230,72,2,54,3
558,CLX_5207,2016-05-03 09:30:00.000000,64,246,82,0,54,10
559,CLX_5216,2014-02-04 08:30:00.000000,108,165,66,4,45,7
560,CLX_5210,2017-02-03 08:30:00.000000,70,270,93,3,58,6
561,CLX_5384,2016-02-04 08:30:00.000000,51,196,75,4,36,6
562,CLX_5286,2012-05-02 09:30:00.000000,72,143,93,10,55,5
563,CLX_5203,2019-05-01 09:30:00.000000,113,272,94,5,53,12
564,CLX_5213,2017-11-01 09:30:00.000000,84,174,67,2,48,3
565,CLX_5222,2015-08-03 09:30:00.000000,73,243,93,2,53,10
566,CLX_5218,2014-08-01 09:30:00.000000,115,154,106,7,45,11
567,CLX_5217,2014-05-01 09:30:00.000000,141,170,126,2,44,6
568,CLX_5209,2016-11-02 09:30:00.000000,66,196,98,0,36,5
569,CLX_5220,2015-02-04 08:30:00.000000,96,239,90,0,90,5
570,CLX_5290,2013-05-01 09:30:00.000000,151,164,138,2,40,5
571,CLX_5202,2019-02-04 08:30:00.000000,76,283,99,9,69,3
572,CLX_5200,2018-08-02 09:30:00.000000,95,218,94,2,61,9
573,CLX_5288,2012-11-02 09:30:00.000000,74,143,73,2,47,3
574,CMA_6605,2012-10-17 04:00:00.000000,145,142,78,6,68,14
575,CMA_6156,2014-10-17 04:00:00.000000,116,135,102,18,53,15
576,CMA_6384,2019-07-17 04:00:00.000000,104,132,77,5,71,16
577,CMA_6159,2015-07-17 05:00:00.000000,173,70,125,22,36,19
578,CMA_6603,2013-04-16 04:00:00.000000,128,135,93,10,31,25
579,CMA_6606,2012-07-17 04:00:00.000000,156,135,133,12,52,32
580,CMA_6274,2017-04-18 04:00:00.000000,112,175,136,3,55,24
581,CMA_6602,2013-07-16 04:00:00.000000,141,110,114,4,44,15
582,CMA_6277,2018-01-16 15:00:00.000000,66,105,77,10,38,7
583,CMA_6607,2012-04-17 04:00:00.000000,136,138,92,9,71,11
584,CMA_6152,2013-10-16 04:00:00.000000,118,118,76,5,41,20
585,CMA_6362,2018-07-17 04:00:00.000000,78,154,89,15,88,11
586,CMA_6153,2014-01-17 03:00:00.000000,85,119,59,14,21,11
587,CMA_6276,2017-10-17 04:00:00.000000,107,158,74,6,38,22
588,CMA_6160,2015-10-16 04:00:00.000000,189,130,106,10,46,17
589,CMA_6275,2017-07-18 04:00:00.000000,114,173,98,5,43,13
590,CMA_6271,2016-07-19 04:00:00.000000,103,198,86,8,67,12
591,CMA_6386,2019-01-16 06:00:00.000000,106,172,111,11,69,18
592,CMA_6385,2019-04-16 04:00:00.000000,96,135,68,3,57,9
593,CMA_6161,2016-01-19 03:00:00.000000,142,161,113,23,37,17
594,CMA_6383,2019-10-16 04:00:00.000000,90,114,90,4,29,7
595,CMA_6155,2014-07-15 04:00:00.000000,87,87,98,7,29,31
596,CMA_6361,2018-04-17 04:00:00.000000,92,136,68,15,48,12
597,CMA_6382,2020-01-21 03:00:00.000000,110,114,98,2,51,16
598,CMA_6162,2016-04-19 04:00:00.000000,133,121,98,12,71,22
599,CMA_6154,2014-04-15 04:00:00.000000,150,147,110,13,35,28
600,CMA_6604,2013-01-16 03:00:00.000000,136,157,102,9,44,13
601,CMA_6363,2018-10-16 04:00:00.000000,85,154,89,5,40,21
602,CMA_6608,2012-01-20 03:00:00.000000,116,152,96,11,36,18
603,CMCSA_6567,2015-07-23 04:30:00.000000,51,253,42,5,61,5
604,CMCSA_6147,2016-02-03 03:30:00.000000,73,202,53,7,56,3
605,CMCSA_6499,2013-05-01 04:30:00.000000,43,157,47,10,56,1
606,CMCSA_6151,2017-01-26 03:30:00.000000,68,194,66,9,44,1
607,CMCSA_6266,2017-04-27 04:30:00.000000,64,209,52,8,50,4
608,CMCSA_6270,2018-04-25 04:30:00.000000,55,212,51,6,50,7
609,CMCSA_6269,2018-01-24 03:30:00.000000,77,223,59,6,51,7
610,CMCSA_6495,2012-05-02 04:30:00.000000,55,218,53,7,44,3
611,CMCSA_6501,2013-10-30 04:30:00.000000,58,146,53,8,38,5
612,CMCSA_6150,2016-10-26 04:30:00.000000,75,189,61,17,40,2
613,CMCSA_6561,2014-04-22 04:30:00.000000,77,176,61,5,48,7
614,CMCSA_6360,2020-01-23 03:30:00.000000,68,256,48,7,59,1
615,CMCSA_6498,2013-02-13 03:30:00.000000,36,209,47,4,44,3
616,CMCSA_6268,2017-10-26 04:30:00.000000,67,226,60,5,63,4
617,CMCSA_6562,2014-07-22 04:30:00.000000,64,165,40,12,49,4
618,CMCSA_6496,2012-08-01 04:30:00.000000,51,150,68,8,39,2
619,CMCSA_6358,2019-07-25 04:30:00.000000,58,199,49,6,54,3
620,CMCSA_6565,2015-02-24 03:30:00.000000,56,178,70,22,71,3
621,CMCSA_6563,2014-10-23 04:30:00.000000,103,217,53,17,68,7
622,CMCSA_6149,2016-07-27 04:30:00.000000,97,191,57,13,43,3
623,CMCSA_6267,2017-07-27 03:30:00.000000,61,176,51,10,28,1
624,CMCSA_6148,2016-04-27 04:30:00.000000,77,179,58,11,45,8
625,CMCSA_6494,2012-02-15 03:30:00.000000,54,182,68,2,34,4
626,CMCSA_6357,2019-04-25 04:30:00.000000,69,212,50,5,46,2
627,CMCSA_6355,2018-10-25 04:00:00.000000,79,320,68,5,83,6
628,CMCSA_6359,2019-10-24 04:30:00.000000,72,204,44,7,49,4
629,CMCSA_6356,2019-01-23 03:30:00.000000,50,263,49,7,80,5
630,CMCSA_6500,2013-07-31 04:30:00.000000,58,173,35,5,46,1
631,CMCSA_6145,2015-10-27 04:30:00.000000,57,158,42,8,44,4
632,CME_5420,2015-04-30 04:30:00.000000,87,91,87,18,37,13
633,CME_5332,2013-02-05 11:30:00.000000,87,117,153,44,51,36
634,CME_5339,2014-10-30 04:30:00.000000,63,138,106,24,45,8
635,CME_5422,2015-10-29 04:30:00.000000,40,80,66,35,42,5
636,CME_5424,2016-04-28 04:30:00.000000,57,163,69,28,46,6
637,CME_5335,2013-11-04 03:30:00.000000,61,83,86,18,24,15
638,CME_5423,2016-02-05 03:30:00.000000,51,126,68,28,13,5
639,CME_5421,2015-07-30 04:30:00.000000,74,115,93,15,45,20
640,CME_5427,2017-02-02 03:30:00.000000,74,153,133,25,39,8
641,CME_5337,2014-05-01 04:30:00.000000,89,65,82,28,27,10
642,CME_5490,2019-02-14 03:30:00.000000,59,130,72,37,41,4
643,CME_5336,2014-02-04 03:30:00.000000,68,100,91,35,32,12
644,CME_5426,2016-10-27 04:30:00.000000,61,118,94,25,38,8
645,CME_5330,2012-07-26 04:30:00.000000,96,139,108,33,48,21
646,CME_5329,2012-04-26 04:30:00.000000,91,96,117,22,39,12
647,CME_5486,2018-02-02 03:30:00.000000,77,110,89,46,23,8
648,CME_5489,2018-10-25 04:30:00.000000,90,88,65,58,30,4
649,CME_5333,2013-05-02 04:30:00.000000,66,94,89,38,32,14
650,CME_5491,2019-05-01 04:30:00.000000,92,139,76,31,38,5
651,CME_5493,2019-10-30 04:30:00.000000,110,180,117,44,45,1
652,CME_5419,2015-02-05 11:30:00.000000,65,78,82,22,42,6
653,CME_5484,2017-08-01 04:30:00.000000,67,142,82,30,72,6
654,CME_5488,2018-07-26 04:30:00.000000,70,106,65,36,22,0
655,CME_5425,2016-07-31 04:30:00.000000,44,118,71,26,37,9
656,CME_5334,2013-08-01 04:30:00.000000,65,99,85,31,34,9
657,CME_5485,2017-10-26 04:30:00.000000,42,76,39,15,46,6
658,CME_5428,2017-04-27 04:30:00.000000,62,167,100,30,40,5
659,CME_5487,2018-04-26 04:30:00.000000,20,77,33,19,15,1
660,CMG_5146,2017-02-02 11:30:00.000000,72,185,89,2,65,13
661,CMG_5002,2014-10-20 13:00:00.000000,63,186,114,3,94,22
662,CMG_4999,2014-01-30 11:30:00.000000,48,196,79,5,79,9
663,CMG_5001,2014-07-21 12:30:00.000000,61,239,79,3,71,9
664,CMG_5140,2018-07-26 12:30:00.000000,85,195,85,3,39,6
665,CMG_5005,2015-04-21 12:30:00.000000,93,179,98,1,66,15
666,CMG_5000,2014-04-17 07:00:00.000000,59,223,84,6,76,15
667,CMG_4913,2013-04-18 12:30:00.000000,67,168,88,8,76,11
668,CMG_5004,2015-02-03 11:30:00.000000,63,201,97,5,68,19
669,CMG_5007,2015-07-21 12:30:00.000000,82,256,91,4,92,17
670,CMG_5115,2016-04-26 13:00:00.000000,110,199,71,6,49,12
671,CMG_4914,2013-07-18 12:30:00.000000,70,186,92,7,52,16
672,CMG_5136,2019-07-23 12:30:00.000000,79,198,74,8,37,7
673,CMG_5008,2015-10-20 12:30:00.000000,68,215,62,2,61,15
674,CMG_4908,2012-02-01 11:30:00.000000,61,221,88,4,59,13
675,CMG_5141,2018-04-25 12:30:00.000000,109,320,95,7,82,9
676,CMG_4911,2012-10-18 12:30:00.000000,56,205,111,6,59,14
677,CMG_5137,2019-04-24 12:30:00.000000,58,255,88,3,56,14
678,CMG_4909,2012-04-19 12:30:00.000000,69,267,80,1,75,18
679,CMG_5142,2018-02-06 11:30:00.000000,75,195,66,7,90,10
680,CMG_5118,2019-10-22 12:30:00.000000,63,243,95,5,50,5
681,CMG_5119,2020-02-05 11:30:00.000000,55,279,84,9,49,5
682,CMG_5117,2016-10-25 12:30:00.000000,105,299,107,6,124,22
683,CMG_5138,2019-02-06 11:30:00.000000,87,243,73,7,62,9
684,CMG_5116,2016-07-22 12:30:00.000000,73,198,76,2,70,12
685,CMG_5143,2017-10-24 12:30:00.000000,121,258,84,8,85,16
686,CMG_4998,2013-10-17 12:30:00.000000,44,193,77,10,76,13
687,CMG_5139,2018-10-25 12:30:00.000000,71,191,63,3,43,6
688,CMG_5144,2017-07-25 12:30:00.000000,99,222,89,15,70,28
689,CMI_6506,2012-02-02 05:00:00.000000,83,176,77,6,41,11
690,CMI_6507,2012-05-01 06:00:00.000000,98,182,51,3,56,3
691,CMI_6197,2016-11-01 06:00:00.000000,162,157,72,5,46,7
692,CMI_6193,2015-10-27 06:00:00.000000,186,162,69,13,91,7
693,CMI_6618,2014-10-28 06:00:00.000000,105,163,63,10,79,1
694,CMI_6375,2020-02-04 05:00:00.000000,167,134,62,4,48,10
695,CMI_6621,2014-02-06 05:00:00.000000,145,165,71,17,78,2
696,CMI_6380,2018-10-30 06:00:00.000000,72,148,50,7,52,5
697,CMI_6308,2018-07-31 06:00:00.000000,82,178,55,10,54,7
698,CMI_6379,2019-02-06 05:00:00.000000,89,152,56,7,50,9
699,CMI_6620,2014-04-29 06:00:00.000000,157,186,85,11,58,11
700,CMI_6511,2013-04-30 06:00:00.000000,134,148,73,5,45,5
701,CMI_6190,2015-02-05 05:00:00.000000,132,146,66,7,78,6
702,CMI_6377,2019-07-30 06:00:00.000000,123,142,68,9,61,19
703,CMI_6200,2017-08-01 06:00:00.000000,90,171,85,5,67,7
704,CMI_6191,2015-04-28 06:00:00.000000,123,207,60,6,35,8
705,CMI_6196,2016-08-02 06:00:00.000000,148,149,51,2,47,5
706,CMI_6192,2015-07-28 06:00:00.000000,118,157,51,5,52,6
707,CMI_6376,2019-10-29 06:00:00.000000,190,142,57,12,54,10
708,CMI_6201,2017-10-31 06:00:00.000000,95,170,82,7,46,6
709,CMI_6307,2018-05-01 06:00:00.000000,82,184,82,5,34,11
710,CMI_6198,2017-02-09 05:00:00.000000,157,142,71,3,44,8
711,CMI_6306,2018-02-06 05:00:00.000000,59,142,74,9,40,6
712,CMI_6199,2017-05-02 06:00:00.000000,81,170,90,9,66,7
713,CMI_6195,2016-05-03 06:00:00.000000,179,157,65,4,42,6
714,CMI_6509,2012-10-31 07:00:00.000000,158,98,86,4,46,12
715,CMI_6512,2013-07-30 06:00:00.000000,104,152,69,9,45,3
716,CMI_6508,2012-07-31 06:00:00.000000,168,151,71,2,61,7
717,CMS_6082,2016-04-28 04:30:00.000000,45,102,55,28,41,13
718,CMS_5772,2018-02-14 04:00:00.000000,64,164,116,25,75,25
719,CMS_5746,2014-01-30 04:00:00.000000,89,147,76,37,48,14
720,CMS_5719,2012-04-26 05:00:00.000000,96,94,65,51,32,7
721,CMS_6081,2016-02-04 04:00:00.000000,32,128,36,18,33,4
722,CMS_6080,2015-10-29 05:00:00.000000,58,139,64,48,60,6
723,CMS_5718,2012-02-23 04:00:00.000000,43,97,76,24,34,5
724,CMS_5750,2015-01-29 04:00:00.000000,60,140,79,37,44,11
725,CMS_5745,2013-07-25 04:30:00.000000,75,155,63,28,46,9
726,CMS_5778,2019-04-25 04:30:00.000000,56,146,67,43,48,16
727,CMS_5776,2018-10-25 04:30:00.000000,68,163,116,56,53,14
728,CMS_5774,2018-04-26 04:30:00.000000,38,190,77,20,56,14
729,CMS_5780,2019-10-24 04:30:00.000000,69,158,93,25,64,18
730,CMS_5743,2013-02-21 04:00:00.000000,51,143,72,32,41,11
731,CMS_5775,2018-07-26 04:30:00.000000,77,174,102,43,67,20
732,CMS_5793,2016-10-27 05:00:00.000000,62,109,40,18,48,14
733,CMS_5771,2017-10-27 04:30:00.000000,42,157,56,20,38,14
734,CMS_5747,2014-04-24 05:00:00.000000,50,147,108,32,64,8
735,CMS_5781,2020-01-30 03:30:00.000000,60,186,103,31,65,24
736,CMS_5748,2014-07-24 04:30:00.000000,94,208,88,29,66,12
737,CMS_5744,2013-04-25 05:00:00.000000,51,112,72,32,58,8
738,CMS_5777,2019-01-31 03:30:00.000000,90,197,103,67,71,13
739,CMS_5751,2015-04-23 04:30:00.000000,43,82,51,40,48,10
740,CMS_6083,2016-07-31 06:00:00.000000,67,160,60,20,41,12
741,CMS_5749,2014-10-23 04:30:00.000000,31,86,42,8,31,7
742,CMS_6079,2015-07-23 04:30:00.000000,54,122,65,18,42,22
743,CMS_5779,2019-07-26 04:30:00.000000,59,179,74,25,73,13
744,CNC_4044,2013-10-22 04:30:00.000000,76,88,96,54,57,7
745,CNC_4040,2012-10-23 04:30:00.000000,102,99,104,43,49,13
746,CNC_4218,2016-07-26 04:30:00.000000,168,139,136,47,75,4
747,CNC_4349,2018-04-24 04:30:00.000000,86,147,93,32,51,10
748,CNC_4345,2017-04-26 04:30:00.000000,78,113,93,38,49,6
749,CNC_4210,2014-07-22 04:30:00.000000,56,94,114,17,47,7
750,CNC_4348,2018-02-06 03:30:00.000000,59,128,76,35,43,10
751,CNC_4219,2016-10-25 04:30:00.000000,105,161,82,43,76,9
752,CNC_4208,2014-02-04 03:30:00.000000,69,75,103,24,48,10
753,CNC_4356,2020-02-04 03:30:00.000000,106,179,110,48,75,10
754,CNC_4353,2019-04-23 04:30:00.000000,71,185,99,38,80,4
755,CNC_4211,2014-10-28 04:30:00.000000,45,56,70,28,42,10
756,CNC_4347,2017-10-24 04:30:00.000000,88,135,112,49,63,5
757,CNC_4346,2017-07-25 04:30:00.000000,69,127,80,22,41,7
758,CNC_4216,2016-02-09 03:30:00.000000,103,103,104,32,46,3
759,CNC_4217,2016-04-26 04:30:00.000000,93,110,123,33,51,9
760,CNC_4354,2019-07-23 04:30:00.000000,74,146,94,26,40,7
761,CNC_4213,2015-04-28 04:30:00.000000,42,78,76,22,50,2
762,CNC_4355,2019-10-22 04:30:00.000000,116,135,133,32,55,17
763,CNC_4351,2018-10-23 04:30:00.000000,88,141,96,40,81,18
764,CNC_4043,2013-07-23 04:30:00.000000,75,95,92,34,50,7
765,CNC_4352,2019-02-05 03:30:00.000000,74,182,105,46,61,8
766,CNC_4042,2013-04-23 04:30:00.000000,92,92,97,52,75,5
767,CNC_4209,2014-04-22 04:30:00.000000,85,109,118,22,42,5
768,CNC_4041,2013-02-05 03:30:00.000000,88,63,114,49,88,10
769,CNC_4212,2015-02-03 03:30:00.000000,47,94,77,15,50,3
770,CNC_4220,2017-02-07 03:30:00.000000,61,160,90,32,47,9
771,CNP_4863,2013-08-01 07:30:00.000000,45,67,62,12,40,13
772,CNP_5197,2017-08-04 06:00:00.000000,75,130,86,17,34,20
773,CNP_4860,2012-11-07 06:30:00.000000,46,63,42,19,23,32
774,CNP_4864,2013-11-06 06:30:00.000000,33,106,51,12,42,18
775,CNP_5085,2018-05-04 07:00:00.000000,54,179,75,26,50,7
776,CNP_4858,2012-05-03 07:30:00.000000,62,109,52,24,44,5
777,CNP_4859,2012-08-02 07:30:00.000000,54,99,71,18,38,7
778,CNP_4861,2013-02-27 06:30:00.000000,79,123,104,37,51,17
779,CNP_4865,2014-02-26 06:30:00.000000,55,127,73,23,59,9
780,CNP_4980,2015-11-07 04:30:00.000000,46,96,38,16,37,18
781,CNP_4868,2014-11-05 06:30:00.000000,56,88,63,11,32,4
782,CNP_4869,2015-02-26 06:30:00.000000,52,174,94,21,62,6
783,CNP_4857,2012-02-29 06:30:00.000000,66,103,102,25,56,10
784,CNP_5084,2018-02-23 06:00:00.000000,54,130,105,30,47,17
785,CNP_4866,2014-05-01 07:30:00.000000,53,102,58,13,39,4
786,CNP_5196,2017-05-06 19:00:00.000000,40,87,66,13,34,4
787,CNP_5087,2018-11-08 06:00:00.000000,45,121,85,13,45,5
788,CNP_5192,2016-05-11 07:00:00.000000,65,90,83,11,49,6
789,CNP_5088,2019-02-28 05:00:00.000000,67,111,107,20,62,4
790,CNP_4979,2015-08-10 07:30:00.000000,41,93,60,19,51,4
791,CNP_5083,2017-11-03 07:00:00.000000,53,107,64,19,60,4
792,CNP_4867,2014-08-06 07:30:00.000000,28,83,36,5,33,8
793,CNP_5089,2019-08-07 07:00:00.000000,60,154,110,34,44,14
794,CNP_4978,2015-05-11 07:30:00.000000,64,150,75,22,52,10
795,CNP_5193,2016-08-05 07:00:00.000000,72,110,81,18,39,22
796,CNP_5191,2016-02-26 06:00:00.000000,101,182,108,13,49,28
797,CNP_5090,2019-11-07 05:00:00.000000,54,123,97,31,51,13
798,COF_4266,2015-01-22 12:00:00.000000,98,178,78,14,43,12
799,COF_4265,2014-10-16 13:00:00.000000,111,146,73,14,48,16
800,COF_4471,2018-01-23 12:00:00.000000,145,167,110,11,53,7
801,COF_4271,2016-04-26 13:00:00.000000,100,118,84,5,35,6
802,COF_4131,2014-07-17 13:00:00.000000,86,141,64,10,36,9
803,COF_4590,2019-07-18 13:00:00.000000,77,170,58,1,31,7
804,COF_4123,2012-07-19 04:30:00.000000,74,94,65,27,38,17
805,COF_4275,2017-04-26 13:00:00.000000,139,141,110,5,38,6
806,COF_4589,2019-04-25 13:00:00.000000,85,176,63,3,46,14
807,COF_4591,2019-10-24 13:00:00.000000,115,135,59,7,63,7
808,COF_4268,2015-07-23 13:00:00.000000,124,119,81,16,36,13
809,COF_4274,2017-01-25 12:00:00.000000,111,140,83,8,46,13
810,COF_4124,2012-10-18 13:00:00.000000,93,155,79,14,53,21
811,COF_4130,2014-04-16 13:00:00.000000,122,167,73,11,43,12
812,COF_4267,2015-04-23 13:00:00.000000,82,140,85,15,41,19
813,COF_4469,2018-07-19 13:00:00.000000,93,145,68,3,29,8
814,COF_4472,2017-10-24 13:00:00.000000,81,126,55,3,31,8
815,COF_4473,2017-07-20 13:00:00.000000,129,144,104,5,40,14
816,COF_4269,2015-10-22 13:00:00.000000,91,123,69,8,44,6
817,COF_4125,2013-01-17 12:00:00.000000,103,147,112,12,71,16
818,COF_4407,2020-01-21 12:00:00.000000,94,159,75,7,57,8
819,COF_4129,2014-01-16 12:00:00.000000,106,117,67,7,51,4
820,COF_4121,2012-01-19 12:00:00.000000,86,183,84,13,52,16
821,COF_4270,2016-01-26 12:00:00.000000,116,122,68,3,36,8
822,COF_4588,2019-01-22 12:00:00.000000,117,116,62,7,33,15
823,COF_4126,2013-04-18 13:00:00.000000,103,227,87,15,87,10
824,COF_4470,2018-04-24 13:00:00.000000,123,167,73,7,52,8
825,COF_4579,2018-10-24 13:00:00.000000,80,184,103,14,40,15
826,COF_4127,2013-07-18 13:00:00.000000,63,170,80,6,56,5
827,COG_4596,2019-02-22 04:30:00.000000,50,72,59,19,30,11
828,COG_4499,2015-02-20 05:00:00.000000,86,103,107,27,44,16
829,COG_4498,2015-04-24 05:30:00.000000,66,84,63,19,32,8
830,COG_4595,2018-10-26 05:30:00.000000,60,96,75,2,37,24
831,COG_4497,2015-07-24 05:30:00.000000,72,126,81,37,35,15
832,COG_4286,2016-07-29 05:30:00.000000,79,174,89,21,26,9
833,COG_4504,2013-10-25 05:30:00.000000,78,117,83,17,78,4
834,COG_4150,2016-02-19 04:30:00.000000,123,117,91,34,55,26
835,COG_4467,2019-10-25 05:30:00.000000,53,68,62,2,27,6
836,COG_4594,2018-07-27 05:30:00.000000,65,73,79,5,35,14
837,COG_4506,2013-04-25 05:30:00.000000,50,80,64,21,32,15
838,COG_4285,2016-04-29 05:30:00.000000,113,109,73,19,40,13
839,COG_4593,2018-04-27 05:30:00.000000,40,72,52,5,33,5
840,COG_4289,2017-04-28 05:30:00.000000,44,118,78,6,29,8
841,COG_4290,2017-07-28 05:30:00.000000,94,137,100,22,37,15
842,COG_4291,2017-10-27 05:30:00.000000,62,92,61,13,32,10
843,COG_4147,2012-07-25 05:30:00.000000,73,74,81,13,38,16
844,COG_4287,2016-10-28 05:30:00.000000,66,95,88,22,43,7
845,COG_4597,2019-04-26 05:30:00.000000,60,104,69,8,31,8
846,COG_4292,2018-02-23 04:30:00.000000,81,131,93,12,61,17
847,COG_4502,2014-04-24 05:30:00.000000,80,160,95,24,53,5
848,COG_4505,2013-07-25 05:30:00.000000,69,119,72,32,53,12
849,COG_4149,2015-10-23 05:30:00.000000,81,95,87,43,38,16
850,COG_4468,2019-07-26 05:30:00.000000,62,82,93,5,36,3
851,COG_4501,2014-07-24 05:30:00.000000,51,103,70,8,35,1
852,COG_4146,2012-04-26 05:30:00.000000,44,99,59,5,19,10
853,COG_4148,2012-10-26 05:30:00.000000,53,107,55,9,53,14
854,COG_4145,2012-02-21 04:30:00.000000,62,73,68,10,31,7
855,COL_19067,2014-04-17 05:00:00.000000,86,111,83,16,27,9
856,COL_19277,2013-07-19 05:00:00.000000,85,140,82,4,63,10
857,COL_19215,2017-07-28 05:00:00.000000,62,165,68,19,37,12
858,COL_19273,2014-01-21 04:00:00.000000,82,84,97,8,31,15
859,COL_19069,2014-07-22 06:00:00.000000,103,124,76,10,38,12
860,COL_19077,2015-07-24 05:00:00.000000,85,149,74,15,23,18
861,COL_19279,2013-04-19 05:00:00.000000,81,126,96,7,30,10
862,COL_19274,2013-10-25 05:00:00.000000,84,115,83,6,49,15
863,COL_18731,2012-01-19 04:00:00.000000,128,147,138,22,37,6
864,COL_19080,2016-01-22 04:00:00.000000,113,132,88,5,25,13
865,COL_19200,2017-04-21 05:00:00.000000,69,155,79,11,35,8
866,COL_18903,2012-10-26 05:00:00.000000,113,80,92,3,46,19
867,COL_19198,2016-10-24 04:30:00.000000,69,186,80,9,70,12
868,COL_18901,2012-07-24 05:00:00.000000,112,96,128,14,53,12
869,COL_18898,2012-04-19 05:00:00.000000,110,104,108,11,32,10
870,COL_19196,2016-07-25 05:00:00.000000,101,129,79,5,23,13
871,COL_19194,2016-04-21 05:00:00.000000,74,106,92,12,40,19
872,COL_19073,2015-01-23 04:00:00.000000,60,95,76,7,43,10
873,COL_19079,2015-10-30 05:00:00.000000,88,138,72,10,37,6
874,COL_19199,2017-01-20 04:00:00.000000,79,151,79,10,54,17
875,COO_5983,2015-09-03 13:00:00.000000,122,138,84,20,66,5
876,COO_6037,2018-08-30 13:00:00.000000,80,274,91,13,36,7
877,COO_5984,2015-12-03 12:00:00.000000,127,125,88,10,46,7
878,COO_5814,2013-09-05 13:00:00.000000,78,110,68,6,42,8
879,COO_6041,2019-08-29 13:00:00.000000,64,153,95,2,31,5
880,COO_6033,2017-08-31 13:00:00.000000,71,120,84,7,40,4
881,COO_5920,2012-06-08 13:00:00.000000,99,116,83,7,39,9
882,COO_6034,2017-12-07 12:00:00.000000,82,123,76,5,36,4
883,COO_6030,2016-12-09 12:00:00.000000,80,121,117,5,49,7
884,COO_5812,2013-03-07 12:00:00.000000,91,105,71,14,37,6
885,COO_6032,2017-06-01 13:00:00.000000,68,104,69,3,51,3
886,COO_5981,2015-03-05 12:00:00.000000,83,135,98,11,55,7
887,COO_6040,2019-05-30 13:00:00.000000,84,201,114,2,36,6
888,COO_5803,2016-06-02 13:00:00.000000,81,124,75,3,46,6
889,COO_5919,2012-03-08 12:00:00.000000,109,123,74,13,58,5
890,COO_6038,2018-12-06 12:00:00.000000,96,190,130,7,51,5
891,COO_6039,2019-03-06 12:00:00.000000,95,178,125,7,32,5
892,COO_5982,2015-06-05 13:00:00.000000,108,131,96,18,45,6
893,COO_6031,2017-03-02 12:00:00.000000,83,116,61,5,56,1
894,COO_5922,2012-12-06 12:00:00.000000,102,110,55,21,41,9
895,COO_6029,2016-09-01 13:00:00.000000,82,132,70,5,57,6
896,COO_5980,2014-12-04 12:00:00.000000,122,124,102,10,51,7
897,COO_5976,2013-12-05 12:00:00.000000,62,102,71,4,53,6
898,COO_5977,2014-03-06 12:00:00.000000,77,94,72,4,43,12
899,COO_5802,2016-03-04 12:00:00.000000,93,96,68,6,39,5
900,COO_6035,2018-03-08 12:00:00.000000,81,196,108,3,58,2
901,COO_5921,2012-09-10 13:00:00.000000,82,106,57,7,50,13
902,COO_5978,2014-06-05 13:00:00.000000,74,120,83,5,60,8
903,COP_6002,2018-04-26 08:00:00.000000,85,128,79,14,39,16
904,COP_5943,2015-10-30 08:00:00.000000,104,81,95,11,55,18
905,COP_6056,2019-01-31 07:00:00.000000,93,132,88,11,35,17
906,COP_5879,2012-01-25 06:00:00.000000,84,84,88,19,33,18
907,COP_5893,2013-10-31 09:00:00.000000,95,128,86,4,55,12
908,COP_5897,2014-10-30 08:00:00.000000,81,133,93,22,54,14
909,COP_5881,2012-07-25 07:00:00.000000,90,90,114,4,43,21
910,COP_5892,2013-08-01 09:00:00.000000,82,125,87,1,53,14
911,COP_5941,2015-04-30 08:00:00.000000,79,69,80,7,41,17
912,COP_5804,2017-02-02 07:00:00.000000,61,129,93,7,38,10
913,COP_5947,2016-10-27 08:00:00.000000,72,111,65,8,27,2
914,COP_5826,2012-10-25 09:00:00.000000,73,136,68,13,47,11
915,COP_5894,2014-01-30 08:00:00.000000,70,125,75,4,63,19
916,COP_5880,2012-04-23 07:00:00.000000,71,63,73,4,39,10
917,COP_6059,2019-10-29 08:00:00.000000,61,59,33,5,22,11
918,COP_5942,2015-07-30 08:00:00.000000,100,114,91,6,38,14
919,COP_5890,2013-01-31 04:30:00.000000,126,134,80,8,56,18
920,COP_5946,2016-07-31 08:00:00.000000,83,90,104,2,37,8
921,COP_5945,2016-04-29 08:00:00.000000,107,112,108,7,58,16
922,COP_5944,2016-02-04 07:00:00.000000,170,107,101,2,47,14
923,COP_6055,2018-10-25 08:00:00.000000,78,111,92,27,30,18
924,COP_5815,2015-01-29 07:00:00.000000,88,103,105,14,69,21
925,COP_6001,2018-02-01 11:30:00.000000,64,126,82,10,61,10
926,COP_6058,2019-07-30 08:00:00.000000,75,109,68,8,41,17
927,COP_6000,2017-10-26 08:00:00.000000,62,92,67,4,22,12
928,COP_5891,2013-04-25 09:00:00.000000,83,85,64,7,33,8
929,COP_5896,2014-07-31 08:00:00.000000,78,96,77,7,40,9
930,COP_6060,2020-02-04 07:00:00.000000,75,76,82,12,27,8
931,COP_5895,2014-05-01 08:00:00.000000,70,152,76,8,44,11
932,COST_5970,2014-03-06 06:00:00.000000,105,152,77,12,73,4
933,COST_6015,2016-09-29 13:00:00.000000,79,201,102,11,95,4
934,COST_5975,2015-05-28 07:00:00.000000,87,210,139,14,95,7
935,COST_5964,2012-10-10 06:00:00.000000,46,92,91,8,42,3
936,COST_5966,2013-03-12 07:00:00.000000,69,118,98,13,23,4
937,COST_6016,2016-12-08 12:00:00.000000,77,176,107,24,56,5
938,COST_6021,2018-03-09 12:00:00.000000,75,194,96,28,56,5
939,COST_5974,2015-03-05 06:00:00.000000,96,168,126,18,60,8
940,COST_6024,2018-12-13 12:00:00.000000,64,129,75,9,52,5
941,COST_6013,2016-03-03 06:00:00.000000,114,191,125,19,72,7
942,COST_6026,2019-05-30 13:00:00.000000,69,133,58,10,34,7
943,COST_5967,2013-05-30 07:00:00.000000,61,132,99,19,46,3
944,COST_5969,2013-12-11 06:00:00.000000,67,106,89,5,50,6
945,COST_5965,2012-12-12 05:00:00.000000,46,81,66,3,42,6
946,COST_5911,2012-05-24 07:00:00.000000,91,126,87,15,43,9
947,COST_6019,2017-10-06 13:00:00.000000,116,215,119,15,65,9
948,COST_6027,2019-10-04 13:00:00.000000,72,161,85,4,38,9
949,COST_6022,2018-06-01 13:00:00.000000,72,150,96,11,76,7
950,COST_6014,2016-05-26 07:00:00.000000,72,107,110,18,66,4
951,COST_6023,2018-10-05 13:00:00.000000,90,154,85,13,41,5
952,COST_5910,2012-02-29 06:00:00.000000,91,128,84,14,48,3
953,COST_5973,2014-12-10 06:00:00.000000,78,169,105,11,61,7
954,COST_6011,2015-09-30 07:00:00.000000,86,186,105,12,51,5
955,COST_5972,2014-10-08 07:00:00.000000,70,126,87,13,46,5
956,COST_5968,2013-10-09 06:00:00.000000,84,119,106,7,58,9
957,COST_6012,2015-12-09 06:00:00.000000,124,194,110,23,44,7
958,COST_5971,2014-05-29 07:00:00.000000,75,123,94,7,53,6
959,COST_6020,2017-12-15 12:00:00.000000,54,147,89,25,36,1
960,COTY_6234,2016-02-04 04:00:00.000000,78,126,57,12,62,9
961,COTY_6237,2016-11-09 03:30:00.000000,116,178,91,0,67,11
962,COTY_6337,2019-02-08 03:00:00.000000,120,173,72,7,81,19
963,COTY_6338,2019-05-09 04:00:00.000000,109,158,63,2,54,6
964,COTY_6235,2016-05-03 04:00:00.000000,154,154,88,4,92,10
965,COTY_6225,2013-11-09 04:30:00.000000,121,167,75,3,49,6
966,COTY_6227,2014-05-14 05:30:00.000000,108,172,32,3,53,11
967,COTY_6238,2017-02-09 03:00:00.000000,125,187,79,2,76,13
968,COTY_6334,2018-05-09 04:00:00.000000,81,215,38,2,46,5
969,COTY_6228,2014-08-28 05:30:00.000000,116,171,36,2,61,3
970,COTY_6340,2019-11-06 03:00:00.000000,82,183,67,3,47,2
971,COTY_6335,2018-08-21 04:00:00.000000,126,222,58,3,96,8
972,COTY_6239,2017-05-10 04:00:00.000000,103,210,72,0,61,2
973,COTY_6332,2017-11-09 03:00:00.000000,108,235,71,3,58,3
974,COTY_6339,2019-08-28 04:00:00.000000,94,185,56,3,70,8
975,COTY_6230,2015-02-05 03:30:00.000000,86,124,56,7,57,10
976,COTY_6333,2018-02-08 03:00:00.000000,67,226,42,1,53,4
977,COTY_6336,2018-11-07 03:00:00.000000,173,194,49,5,58,16
978,COTY_6224,2013-09-17 05:30:00.000000,86,196,49,2,72,8
979,COTY_6233,2015-11-05 04:00:00.000000,97,135,67,10,117,7
980,COTY_6232,2015-08-13 05:30:00.000000,49,108,23,4,51,6
981,COTY_6341,2020-02-05 03:00:00.000000,80,203,66,2,63,4
982,COTY_6226,2014-02-17 04:30:00.000000,97,191,44,1,37,3
983,CPB_4137,2013-11-19 03:30:00.000000,189,108,65,5,35,2
984,CPB_4408,2017-08-31 04:30:00.000000,136,163,57,5,39,11
985,CPB_4412,2018-08-30 04:30:00.000000,212,260,96,7,115,16
986,CPB_4140,2014-09-08 16:30:00.000000,159,138,97,5,61,8
987,CPB_4282,2016-11-22 03:30:00.000000,100,215,49,2,37,9
988,CPB_4277,2015-09-03 04:30:00.000000,121,176,73,2,45,3
989,CPB_4279,2016-02-25 03:30:00.000000,134,204,54,1,27,8
990,CPB_4409,2017-11-21 03:30:00.000000,151,130,76,3,41,6
991,CPB_4415,2019-06-05 04:30:00.000000,139,221,58,0,48,5
992,CPB_4410,2018-02-16 04:30:00.000000,136,184,60,3,57,10
993,CPB_4284,2017-05-19 04:30:00.000000,134,173,48,1,55,11
994,CPB_4139,2014-05-19 04:30:00.000000,155,142,65,5,36,7
995,CPB_4411,2018-05-18 04:30:00.000000,132,126,54,2,66,16
996,CPB_4132,2012-09-04 06:00:00.000000,138,149,68,0,52,2
997,CPB_4278,2015-11-24 03:30:00.000000,130,170,54,0,33,5
998,CPB_4138,2014-02-14 04:30:00.000000,168,194,73,10,85,8
999,CPB_4276,2015-05-22 04:30:00.000000,134,178,63,1,46,9
1000,CPB_4141,2014-11-25 03:30:00.000000,133,179,78,0,46,6
1001,CPB_4134,2013-02-15 05:00:00.000000,126,209,50,0,36,3
1002,CPB_4142,2015-02-25 03:30:00.000000,145,186,72,3,43,12
1003,CPB_4133,2012-11-20 05:00:00.000000,118,145,61,3,25,5
1004,CPB_4135,2013-05-20 06:00:00.000000,124,220,83,4,31,6
1005,CPB_4136,2013-08-29 06:00:00.000000,139,195,93,2,40,20
1006,CPB_4413,2018-11-20 05:00:00.000000,157,177,46,2,31,6
1007,CPB_4281,2016-09-01 04:30:00.000000,170,172,57,0,47,10
1008,CPB_4283,2017-02-17 04:00:00.000000,115,188,53,0,41,12
1009,CPB_4592,2019-12-04 03:30:00.000000,94,208,65,1,37,2
1010,CPB_3986,2012-05-21 06:00:00.000000,103,118,62,2,26,5
1011,CRM_19363,2017-05-18 13:00:00.000000,46,216,51,8,30,10
1012,CRM_19623,2019-08-22 13:00:00.000000,51,213,79,7,37,8
1013,CRM_19428,2012-05-17 13:00:00.000000,68,166,78,7,37,0
1014,CRM_19375,2015-02-26 12:00:00.000000,57,186,65,2,36,7
1015,CRM_19622,2019-06-04 13:00:00.000000,57,202,74,12,33,7
1016,CRM_19381,2012-08-23 13:00:00.000000,51,111,91,8,49,1
1017,CRM_19384,2013-05-23 13:00:00.000000,75,144,83,7,26,6
1018,CRM_19373,2014-08-21 13:00:00.000000,45,174,67,1,37,9
1019,CRM_19548,2016-09-01 13:00:00.000000,56,201,74,1,59,6
1020,CRM_19544,2015-05-20 13:00:00.000000,58,211,66,0,37,7
1021,CRM_19463,2013-11-18 12:00:00.000000,38,119,86,1,60,2
1022,CRM_19617,2018-02-28 12:00:00.000000,51,213,76,9,37,5
1023,CRM_19621,2019-03-04 12:00:00.000000,39,176,47,2,30,5
1024,CRM_19364,2017-08-22 13:00:00.000000,57,203,46,2,38,11
1025,CRM_19546,2015-11-18 12:00:00.000000,53,174,68,3,25,8
1026,CRM_19374,2014-11-19 12:00:00.000000,39,200,70,4,38,8
1027,CRM_19545,2015-08-20 13:00:00.000000,62,238,59,5,28,9
1028,CRM_19549,2016-11-17 12:00:00.000000,52,203,45,6,28,6
1029,CRM_19618,2018-05-29 13:00:00.000000,46,179,83,18,35,7
1030,CRM_19382,2012-11-20 12:00:00.000000,52,158,83,1,37,3
1031,CRM_19372,2014-05-20 13:00:00.000000,52,138,81,5,56,8
1032,CRM_19464,2014-02-27 12:00:00.000000,54,168,79,3,54,5
1033,CRM_19362,2017-02-28 12:00:00.000000,51,194,71,0,24,8
1034,CRM_19462,2013-08-29 13:00:00.000000,55,160,85,3,62,2
1035,CRM_19620,2018-11-28 12:00:00.000000,55,179,58,5,34,6
1036,CRM_19716,2016-02-25 12:00:00.000000,58,140,46,4,27,3
1037,CRM_19547,2016-05-18 13:00:00.000000,55,211,52,5,40,2
1038,CRM_19427,2012-02-23 12:00:00.000000,58,144,84,3,16,10
1039,CRM_19624,2019-12-03 12:00:00.000000,50,156,80,10,22,8
1040,CSCO_5257,2015-08-12 12:30:00.000000,76,122,54,7,29,6
1041,CSCO_5596,2014-05-14 12:30:00.000000,149,218,102,10,57,14
1042,CSCO_5483,2018-11-14 11:30:00.000000,64,169,70,2,40,4
1043,CSCO_5627,2012-05-09 12:30:00.000000,122,232,126,10,80,11
1044,CSCO_5418,2017-11-15 11:30:00.000000,94,131,36,3,26,3
1045,CSCO_5630,2012-11-14 11:30:00.000000,124,235,115,6,87,17
1046,CSCO_5415,2017-05-17 12:30:00.000000,79,98,72,3,46,4
1047,CSCO_5612,2014-02-12 11:30:00.000000,124,151,82,6,70,17
1048,CSCO_5259,2015-11-12 11:30:00.000000,105,163,64,7,41,4
1049,CSCO_5540,2019-05-15 12:30:00.000000,69,119,74,4,33,3
1050,CSCO_5541,2019-08-14 12:30:00.000000,79,126,85,7,20,9
1051,CSCO_5761,2013-05-15 12:30:00.000000,122,192,99,5,52,13
1052,CSCO_5326,2017-02-15 11:30:00.000000,99,138,50,3,40,7
1053,CSCO_5255,2015-05-13 12:30:00.000000,105,230,89,7,77,11
1054,CSCO_5609,2013-08-14 12:30:00.000000,160,237,77,10,61,18
1055,CSCO_5323,2016-08-17 12:30:00.000000,99,114,61,3,32,14
1056,CSCO_5481,2018-05-16 12:30:00.000000,71,158,61,5,36,6
1057,CSCO_5611,2013-11-13 11:30:00.000000,153,158,76,5,86,19
1058,CSCO_5480,2018-02-14 11:30:00.000000,87,154,55,2,28,4
1059,CSCO_5539,2019-02-13 11:30:00.000000,66,137,67,1,44,8
1060,CSCO_5318,2016-02-10 11:30:00.000000,104,145,79,4,39,3
1061,CSCO_5542,2019-11-13 11:30:00.000000,85,124,59,6,40,9
1062,CSCO_5601,2015-02-12 11:30:00.000000,109,229,105,7,83,6
1063,CSCO_5631,2013-02-13 11:30:00.000000,120,272,116,10,82,7
1064,CSCO_5482,2018-08-15 12:30:00.000000,70,141,62,4,63,8
1065,CSCO_5600,2014-11-12 11:30:00.000000,122,244,93,11,65,7
1066,CSCO_5417,2017-08-16 12:30:00.000000,132,159,72,4,45,4
1067,CSCO_5628,2012-08-15 12:30:00.000000,162,312,147,8,104,34
1068,CSCO_5626,2012-02-08 11:30:00.000000,120,291,136,9,101,15
1069,CSRA_6315,2016-08-10 13:00:00.000000,49,160,48,23,35,6
1070,CSRA_6321,2018-02-07 12:00:00.000000,50,147,60,31,42,13
1071,CSRA_6313,2016-02-10 12:00:00.000000,37,148,54,49,46,10
1072,CSRA_6319,2017-08-09 13:00:00.000000,72,197,71,50,43,20
1073,CSRA_6320,2017-11-07 12:00:00.000000,77,145,56,38,31,11
1074,CSRA_6316,2016-11-09 12:00:00.000000,68,167,49,42,35,19
1075,CSRA_6318,2017-05-24 13:00:00.000000,67,176,66,30,32,13
1076,CSRA_6317,2017-02-07 12:00:00.000000,47,142,51,21,51,11
1077,CSX_6393,2014-01-16 03:30:00.000000,161,212,114,27,76,10
1078,CSX_6426,2012-04-18 04:30:00.000000,163,220,92,22,61,18
1079,CSX_6392,2013-10-16 04:30:00.000000,159,185,133,31,53,14
1080,CSX_6502,2015-04-15 04:30:00.000000,141,170,122,13,64,21
1081,CSX_6208,2017-04-20 04:30:00.000000,150,319,157,14,99,11
1082,CSX_6203,2016-01-13 03:30:00.000000,178,200,121,25,94,16
1083,CSX_6202,2015-10-14 04:30:00.000000,154,263,128,23,78,9
1084,CSX_6207,2017-01-18 03:30:00.000000,178,304,138,13,109,17
1085,CSX_6390,2013-04-17 04:30:00.000000,142,219,86,15,67,17
1086,CSX_6211,2018-01-17 11:30:00.000000,130,199,99,7,59,17
1087,CSX_6206,2016-10-13 04:30:00.000000,118,217,92,5,68,12
1088,CSX_6391,2013-07-17 04:30:00.000000,179,243,107,20,58,18
1089,CSX_6389,2013-01-23 03:30:00.000000,140,240,106,30,80,17
1090,CSX_6210,2017-10-17 04:30:00.000000,119,156,81,2,59,5
1091,CSX_6310,2019-07-16 12:30:00.000000,146,238,103,13,46,8
1092,CSX_6312,2020-01-17 11:30:00.000000,120,300,96,22,70,4
1093,CSX_6373,2018-07-18 12:30:00.000000,83,254,86,8,70,6
1094,CSX_6388,2019-01-17 11:30:00.000000,124,305,119,13,83,16
1095,CSX_6209,2017-07-19 04:30:00.000000,205,296,163,16,126,27
1096,CSX_6428,2012-10-17 04:30:00.000000,185,208,110,27,87,15
1097,CSX_6503,2015-07-15 04:30:00.000000,128,223,112,6,60,7
1098,CSX_6374,2018-04-18 12:30:00.000000,117,188,102,11,42,18
1099,CSX_6396,2014-10-15 04:30:00.000000,131,197,101,17,63,7
1100,CSX_6205,2016-07-14 04:30:00.000000,154,237,116,15,83,14
1101,CSX_6204,2016-04-13 04:30:00.000000,142,142,82,10,65,10
1102,CSX_6387,2018-10-17 12:30:00.000000,107,240,96,14,57,8
1103,CSX_6394,2014-04-16 04:30:00.000000,216,232,120,17,81,5
1104,CSX_6397,2015-01-14 03:30:00.000000,121,222,100,12,45,11
1105,CSX_6395,2014-07-16 04:30:00.000000,121,172,100,13,52,9
1106,CTAS_5567,2018-03-22 13:00:00.000000,48,107,65,6,42,0
1107,CTAS_5560,2019-12-17 12:00:00.000000,56,180,70,4,27,4
1108,CTAS_5501,2017-03-22 13:00:00.000000,72,103,70,8,48,4
1109,CTAS_5438,2014-07-15 13:00:00.000000,62,112,88,9,60,9
1110,CTAS_5499,2016-09-27 13:00:00.000000,72,97,59,6,45,2
1111,CTAS_5433,2013-03-19 13:00:00.000000,62,89,70,7,32,7
1112,CTAS_5566,2018-07-19 13:00:00.000000,61,147,73,6,51,11
1113,CTAS_5430,2012-07-16 13:00:00.000000,102,126,97,10,41,10
1114,CTAS_5442,2015-07-16 13:00:00.000000,45,117,86,6,37,1
1115,CTAS_5563,2019-03-21 13:00:00.000000,118,134,74,5,39,8
1116,CTAS_5564,2018-12-20 12:00:00.000000,57,162,80,5,22,2
1117,CTAS_5500,2016-12-22 12:00:00.000000,67,123,76,15,43,3
1118,CTAS_5561,2019-09-25 13:00:00.000000,54,108,64,6,23,2
1119,CTAS_5437,2014-03-19 13:00:00.000000,91,132,75,9,80,14
1120,CTAS_5497,2016-03-22 13:00:00.000000,66,160,81,5,58,6
1121,CTAS_5496,2015-12-21 12:00:00.000000,62,134,91,3,33,3
1122,CTAS_5498,2016-07-19 13:00:00.000000,73,137,92,6,41,0
1123,CTAS_5504,2017-12-21 12:00:00.000000,57,111,82,12,49,6
1124,CTAS_5436,2013-12-19 12:00:00.000000,59,122,91,7,39,8
1125,CTAS_5562,2019-07-16 13:00:00.000000,50,169,58,2,34,10
1126,CTAS_5439,2014-09-29 13:00:00.000000,53,101,60,8,22,7
1127,CTAS_5435,2013-09-19 13:00:00.000000,50,129,85,6,26,6
1128,CTAS_5429,2012-03-20 13:00:00.000000,58,118,84,5,43,9
1129,CTAS_5495,2015-09-24 13:00:00.000000,51,135,81,3,42,11
1130,CTAS_5502,2017-07-21 13:00:00.000000,74,128,88,5,51,4
1131,CTAS_5440,2014-12-18 12:00:00.000000,58,88,60,7,31,3
1132,CTAS_5441,2015-03-18 13:00:00.000000,53,101,82,3,24,1
1133,CTL_4849,2013-02-13 12:00:00.000000,95,172,95,5,88,7
1134,CTL_4968,2015-05-05 13:00:00.000000,62,106,49,1,26,3
1135,CTL_4850,2013-05-08 13:00:00.000000,68,114,72,8,43,9
1136,CTL_4974,2017-02-08 11:30:00.000000,60,160,86,11,40,7
1137,CTL_4852,2013-11-06 12:00:00.000000,69,116,64,10,40,8
1138,CTL_5081,2019-11-06 12:00:00.000000,57,157,48,11,27,6
1139,CTL_4966,2014-11-05 12:00:00.000000,74,127,75,1,32,4
1140,CTL_4851,2013-08-07 13:00:00.000000,70,102,71,1,30,7
1141,CTL_4846,2012-05-09 13:00:00.000000,56,119,64,5,34,5
1142,CTL_4970,2015-11-04 12:00:00.000000,74,124,73,4,36,7
1143,CTL_4853,2014-02-12 12:00:00.000000,70,165,79,4,41,9
1144,CTL_4847,2012-08-10 13:00:00.000000,66,107,78,5,48,4
1145,CTL_4976,2017-08-02 12:30:00.000000,123,152,98,36,52,9
1146,CTL_4967,2015-02-11 12:00:00.000000,99,139,82,9,32,4
1147,CTL_5075,2018-05-09 13:00:00.000000,77,197,63,1,38,8
1148,CTL_4848,2012-11-07 12:00:00.000000,86,150,95,6,43,11
1149,CTL_4972,2016-05-04 13:00:00.000000,46,108,70,5,44,15
1150,CTL_4969,2015-08-05 13:00:00.000000,73,114,85,3,29,9
1151,CTL_4971,2016-02-10 12:00:00.000000,72,149,107,2,65,6
1152,CTL_4977,2017-11-09 12:00:00.000000,102,224,88,6,56,13
1153,CTL_4973,2016-08-03 13:00:00.000000,74,145,102,5,60,12
1154,CTL_4845,2012-02-15 12:00:00.000000,59,124,54,2,14,7
1155,CTL_5076,2018-08-08 13:00:00.000000,92,210,53,13,44,1
1156,CTL_5077,2018-11-08 12:00:00.000000,80,146,37,23,24,2
1157,CTL_4965,2014-08-06 13:00:00.000000,54,117,60,1,28,2
1158,CTL_5080,2019-08-07 13:00:00.000000,98,185,59,18,61,5
1159,CTL_5082,2020-02-12 12:00:00.000000,79,210,74,21,31,4
1160,CTL_5074,2018-02-14 12:00:00.000000,66,233,55,11,48,6
1161,CTSH_6091,2015-08-05 04:00:00.000000,68,202,68,9,37,8
1162,CTSH_6241,2016-05-06 04:00:00.000000,105,165,97,5,39,12
1163,CTSH_6092,2015-11-04 03:00:00.000000,94,211,96,11,35,27
1164,CTSH_6243,2016-11-07 03:00:00.000000,131,96,57,9,28,11
1165,CTSH_6242,2016-08-05 04:00:00.000000,96,138,94,15,47,13
1166,CTSH_6095,2012-02-08 03:00:00.000000,112,135,91,17,45,6
1167,CTSH_6132,2014-11-05 03:00:00.000000,81,150,95,15,48,17
1168,CTSH_6343,2020-02-05 12:00:00.000000,117,165,78,12,55,9
1169,CTSH_6130,2014-05-07 04:00:00.000000,89,142,74,11,46,5
1170,CTSH_6087,2019-05-02 13:00:00.000000,100,168,68,20,60,15
1171,CTSH_6127,2013-08-06 04:00:00.000000,102,140,90,9,33,3
1172,CTSH_6089,2015-02-04 02:30:00.000000,78,170,85,17,42,8
1173,CTSH_6245,2017-05-05 04:00:00.000000,72,151,53,9,52,16
1174,CTSH_6099,2013-02-07 03:00:00.000000,64,156,104,5,41,10
1175,CTSH_6246,2017-08-03 04:00:00.000000,70,125,45,11,36,12
1176,CTSH_6248,2018-02-07 03:00:00.000000,55,127,79,20,48,8
1177,CTSH_6244,2017-02-08 03:00:00.000000,73,113,78,3,62,12
1178,CTSH_6126,2013-05-08 04:00:00.000000,114,127,88,14,41,12
1179,CTSH_6085,2018-10-30 04:00:00.000000,104,152,80,9,31,8
1180,CTSH_6129,2014-02-05 03:00:00.000000,68,179,65,4,36,6
1181,CTSH_6342,2019-10-30 13:00:00.000000,89,145,80,12,70,17
1182,CTSH_6096,2012-05-07 04:00:00.000000,106,106,112,9,45,9
1183,CTSH_6128,2013-11-05 03:00:00.000000,82,138,61,23,42,10
1184,CTSH_6247,2017-11-01 04:00:00.000000,67,132,42,7,42,10
1185,CTSH_6098,2012-11-07 03:00:00.000000,71,109,86,10,47,12
1186,CTSH_6084,2018-08-02 04:00:00.000000,83,135,59,21,27,13
1187,CTSH_6088,2019-07-31 13:00:00.000000,108,185,57,14,72,14
1188,CTSH_6131,2014-08-06 04:00:00.000000,75,153,94,16,40,14
1189,CTXS_5469,2017-04-26 12:45:00.000000,59,159,54,11,29,1
1190,CTXS_5463,2015-10-21 12:45:00.000000,68,183,60,4,39,3
1191,CTXS_5467,2016-10-19 12:45:00.000000,65,189,59,7,56,2
1192,CTXS_5521,2019-01-23 11:45:00.000000,74,143,81,11,47,21
1193,CTXS_5523,2019-07-24 12:45:00.000000,50,71,47,7,26,2
1194,CTXS_5525,2020-01-22 11:50:00.000000,47,49,51,9,22,5
1195,CTXS_5390,2013-10-23 12:45:00.000000,109,126,83,3,29,5
1196,CTXS_5522,2019-04-24 12:45:00.000000,22,29,17,6,18,4
1197,CTXS_5517,2018-01-31 11:45:00.000000,44,106,37,9,18,2
1198,CTXS_5519,2018-07-25 12:45:00.000000,83,162,64,3,26,8
1199,CTXS_5524,2019-10-25 06:30:00.000000,119,251,127,15,86,15
1200,CTXS_5466,2016-07-26 13:15:00.000000,67,174,72,8,48,7
1201,CTXS_5391,2014-01-29 11:45:00.000000,90,137,70,17,43,6
1202,CTXS_5393,2014-07-23 12:45:00.000000,74,175,79,3,59,4
1203,CTXS_5520,2018-10-24 12:45:00.000000,43,106,38,6,27,3
1204,CTXS_5388,2013-04-24 12:45:00.000000,73,151,75,5,32,7
1205,CTXS_5392,2014-04-24 12:45:00.000000,83,153,68,5,25,9
1206,CTXS_5516,2017-10-25 12:45:00.000000,65,101,60,9,54,8
1207,CTXS_5310,2012-01-25 11:45:00.000000,67,135,55,3,44,7
1208,CTXS_5464,2016-01-27 11:45:00.000000,99,199,77,4,35,5
1209,CTXS_5468,2017-01-25 11:45:00.000000,47,174,39,4,41,7
1210,CTXS_5518,2018-04-25 12:45:00.000000,47,125,31,7,23,8
1211,CTXS_5465,2016-04-20 12:45:00.000000,76,127,59,5,41,2
1212,CTXS_5311,2012-04-25 12:45:00.000000,69,171,72,7,47,8
1213,CTXS_5387,2013-01-30 11:45:00.000000,64,190,75,14,45,11
1214,CTXS_5460,2015-01-29 11:45:00.000000,88,150,66,6,54,10
1215,CTXS_5386,2012-10-24 12:45:00.000000,92,128,91,3,66,10
1216,CTXS_5462,2015-07-28 12:45:00.000000,111,182,72,10,39,18
1217,CTXS_5389,2013-07-24 12:45:00.000000,75,197,64,6,33,4
1218,CVS_6613,2014-08-05 04:30:00.000000,90,204,114,7,51,6
1219,CVS_6456,2012-11-06 03:30:00.000000,70,183,89,6,44,5
1220,CVS_6300,2018-11-06 03:30:00.000000,61,163,55,15,44,5
1221,CVS_6182,2016-11-08 03:30:00.000000,96,161,108,19,53,23
1222,CVS_6514,2015-05-01 04:30:00.000000,75,211,77,6,42,4
1223,CVS_6186,2017-11-06 03:30:00.000000,105,162,89,12,62,15
1224,CVS_6518,2016-05-03 04:30:00.000000,87,200,89,14,40,4
1225,CVS_6516,2015-10-30 04:30:00.000000,98,212,119,13,46,4
1226,CVS_6305,2020-02-12 03:00:00.000000,85,226,64,25,76,6
1227,CVS_6187,2018-02-08 03:30:00.000000,70,161,71,12,57,11
1228,CVS_6457,2013-02-06 03:30:00.000000,76,156,69,17,35,10
1229,CVS_6185,2017-08-08 04:30:00.000000,102,189,88,21,41,19
1230,CVS_6188,2018-05-02 04:30:00.000000,92,191,83,19,56,7
1231,CVS_6453,2012-02-08 03:30:00.000000,100,207,122,19,64,20
1232,CVS_6301,2019-02-20 03:30:00.000000,101,246,71,20,92,9
1233,CVS_6189,2018-08-08 04:30:00.000000,132,237,102,36,61,22
1234,CVS_6616,2013-11-05 03:30:00.000000,77,174,99,37,46,10
1235,CVS_6454,2012-05-02 04:30:00.000000,115,213,118,17,57,19
1236,CVS_6455,2012-08-08 04:30:00.000000,97,208,92,14,57,17
1237,CVS_6302,2019-05-01 04:30:00.000000,89,209,66,20,49,5
1238,CVS_6615,2014-02-11 03:30:00.000000,98,219,85,14,87,7
1239,CVS_6303,2019-08-07 04:00:00.000000,71,264,88,17,58,6
1240,CVS_6458,2013-05-01 04:30:00.000000,91,191,119,20,58,11
1241,CVS_6612,2014-11-04 03:30:00.000000,77,203,87,17,45,4
1242,CVS_6184,2017-05-02 04:30:00.000000,113,185,90,18,43,12
1243,CVS_6617,2013-08-06 04:30:00.000000,107,214,105,26,72,10
1244,CVS_6183,2017-02-09 03:30:00.000000,109,182,89,18,43,9
1245,CVS_6181,2016-08-03 04:30:00.000000,102,273,85,16,55,4
1246,CVX_5124,2019-04-26 07:00:00.000000,109,133,85,8,54,20
1247,CVX_5015,2017-07-28 07:00:00.000000,94,185,92,2,40,8
1248,CVX_4763,2012-07-27 07:00:00.000000,88,146,88,14,45,9
1249,CVX_4767,2013-08-02 07:00:00.000000,74,139,60,9,61,17
1250,CVX_5125,2019-08-02 07:00:00.000000,112,148,72,6,25,11
1251,CVX_5121,2018-07-27 07:00:00.000000,68,119,66,11,43,11
1252,CVX_4917,2014-01-31 06:00:00.000000,101,150,68,6,66,8
1253,CVX_5011,2016-07-29 07:00:00.000000,100,188,102,9,39,20
1254,CVX_5012,2016-10-29 07:00:00.000000,111,166,76,7,49,15
1255,CVX_4920,2014-10-31 07:00:00.000000,102,178,90,7,45,14
1256,CVX_5009,2016-01-29 06:00:00.000000,138,162,92,11,65,22
1257,CVX_5013,2017-01-27 06:00:00.000000,116,237,98,15,66,9
1258,CVX_5157,2015-10-30 07:00:00.000000,117,165,92,11,63,18
1259,CVX_5122,2018-11-02 07:00:00.000000,107,150,87,20,58,11
1260,CVX_4923,2015-07-31 07:00:00.000000,157,166,101,13,37,40
1261,CVX_4921,2015-01-30 06:00:00.000000,115,121,84,17,63,19
1262,CVX_5017,2018-02-02 06:00:00.000000,87,200,80,13,59,9
1263,CVX_4761,2012-01-27 06:00:00.000000,118,126,80,43,47,17
1264,CVX_4762,2012-04-27 07:00:00.000000,81,104,78,28,30,12
1265,CVX_4918,2014-05-02 07:00:00.000000,125,123,48,0,36,17
1266,CVX_4922,2015-05-01 07:00:00.000000,127,145,105,13,39,12
1267,CVX_5123,2019-02-01 06:00:00.000000,79,145,86,4,63,19
1268,CVX_5014,2017-04-28 07:00:00.000000,100,148,82,36,54,14
1269,CVX_4916,2013-11-01 07:00:00.000000,132,124,94,37,60,22
1270,CVX_5126,2019-11-01 07:00:00.000000,87,139,63,15,46,13
1271,CVX_5120,2018-04-27 07:00:00.000000,91,111,79,16,38,13
1272,CVX_4919,2014-08-01 07:00:00.000000,111,157,83,13,66,16
1273,CVX_5127,2020-01-31 06:00:00.000000,102,155,73,11,42,17
1274,CVX_4766,2013-04-26 07:00:00.000000,82,144,64,11,47,12
1275,CXO_5958,2014-11-06 04:30:00.000000,43,110,72,5,22,12
1276,CXO_5962,2015-11-05 04:30:00.000000,36,118,46,4,24,4
1277,CXO_5957,2014-08-07 05:30:00.000000,52,81,49,1,22,5
1278,CXO_6068,2020-02-19 04:00:00.000000,69,166,69,0,84,15
1279,CXO_5953,2013-08-08 06:00:00.000000,87,124,78,1,50,12
1280,CXO_6061,2018-05-02 05:00:00.000000,47,130,71,3,39,6
1281,CXO_6005,2016-11-09 04:30:00.000000,34,124,40,0,22,7
1282,CXO_5948,2012-05-03 06:00:00.000000,51,65,50,3,19,6
1283,CXO_6004,2016-08-03 05:30:00.000000,56,196,88,1,40,5
1284,CXO_5963,2016-02-25 04:30:00.000000,72,121,57,4,34,5
1285,CXO_6063,2018-10-31 05:00:00.000000,69,147,72,9,51,9
1286,CXO_5960,2015-05-05 06:00:00.000000,51,113,46,3,19,8
1287,CXO_6065,2019-05-01 05:00:00.000000,58,110,65,2,39,8
1288,CXO_5949,2012-08-09 06:00:00.000000,85,122,62,3,54,3
1289,CXO_6066,2019-08-01 04:30:00.000000,90,88,96,5,58,10
1290,CXO_6064,2019-02-20 04:00:00.000000,81,166,70,2,53,10
1291,CXO_5961,2015-07-30 05:30:00.000000,85,161,63,5,38,11
1292,CXO_6009,2017-11-01 05:00:00.000000,50,109,40,5,30,10
1293,CXO_6003,2016-05-05 05:30:00.000000,57,120,45,0,30,6
1294,CXO_6062,2018-08-02 05:00:00.000000,54,131,64,0,44,4
1295,CXO_6010,2018-02-21 04:00:00.000000,48,148,59,2,47,4
1296,CXO_5954,2013-11-07 05:00:00.000000,61,151,106,2,62,16
1297,CXO_5959,2015-02-26 05:00:00.000000,45,126,47,2,17,8
1298,CXO_5955,2014-02-20 05:00:00.000000,63,109,75,2,37,7
1299,CXO_5951,2013-02-21 05:00:00.000000,47,57,58,2,21,4
1300,CXO_5956,2014-05-12 06:00:00.000000,36,107,45,1,31,2
1301,CXO_5950,2012-11-08 05:00:00.000000,63,121,95,2,51,17
1302,CXO_6067,2019-10-30 05:00:00.000000,68,120,75,5,44,4
1303,CXO_5903,2012-02-23 05:00:00.000000,41,85,70,2,20,5
