Code,Time,Negative,Positive,Uncertainty,Litigious,StrongModal,Constraining,nearest_day_return,nearest_day,Com_name,Sector
ADM_2993,2017/10/31,80,140,83,7,65,12,-0.04531657,2017/10/31 0:00,ADM,Consumer Staples
ADM_2680,2013/5/1,98,125,77,14,70,13,-0.010606859,2013/5/1 0:00,ADM,Consumer Staples
ADM_2682,2013/10/29,81,174,107,10,65,18,0.022339342,2013/10/29 0:00,ADM,Consumer Staples
ADM_2542,2012/1/31,177,147,113,10,65,22,-0.036351395,2012/1/31 0:00,ADM,Consumer Staples
ADM_2998,2019/2/5,87,195,94,8,62,5,-0.059339247000000005,2019/2/5 0:00,ADM,Consumer Staples
ADM_2849,2016/11/1,83,169,61,7,40,12,0.072986007,2016/11/1 0:00,ADM,Consumer Staples
ADM_2684,2014/4/29,135,172,101,8,58,11,-0.025912607,2014/4/29 0:00,ADM,Consumer Staples
ADM_2686,2014/11/4,103,200,94,2,42,9,0.048465628,2014/11/4 0:00,ADM,Consumer Staples
ADM_2846,2016/2/2,150,194,121,4,70,8,-0.087422407,2016/2/2 0:00,ADM,Consumer Staples
ADM_2687,2015/2/3,129,241,103,3,60,9,0.012248291000000001,2015/2/3 0:00,ADM,Consumer Staples
ADM_2995,2018/5/1,75,245,92,8,83,12,-0.007712699,2018/5/1 0:00,ADM,Consumer Staples
ADM_2996,2018/7/31,84,231,93,4,70,11,0.019218581999999998,2018/7/31 0:00,ADM,Consumer Staples
ADM_2848,2016/8/2,104,156,87,1,47,13,-0.017857163,2016/8/2 0:00,ADM,Consumer Staples
ADM_2847,2016/5/3,124,194,122,6,55,9,-0.028812715,2016/5/3 0:00,ADM,Consumer Staples
ADM_2843,2015/5/5,92,189,95,5,64,12,0.00059616,2015/5/5 0:00,ADM,Consumer Staples
ADM_2844,2015/8/4,82,156,65,3,49,10,0.014884676999999999,2015/8/4 0:00,ADM,Consumer Staples
ADM_2677,2012/7/31,107,85,90,16,57,14,-0.050927597000000005,2012/7/31 0:00,ADM,Consumer Staples
ADM_2994,2018/2/6,86,210,82,10,69,5,0.034482797,2018/2/6 0:00,ADM,Consumer Staples
ADM_3001,2019/10/31,109,168,109,5,103,11,0.037256407000000005,2019/10/31 0:00,ADM,Consumer Staples
ADM_2997,2018/11/6,80,229,102,4,80,7,-0.016008247,2018/11/6 0:00,ADM,Consumer Staples
ADM_2851,2017/5/2,99,198,104,1,68,12,-0.088782012,2017/5/2 0:00,ADM,Consumer Staples
ADM_2371,2012/5/1,91,109,98,9,78,8,0.07103472400000001,2012/5/1 0:00,ADM,Consumer Staples
ADM_2683,2014/2/4,137,183,101,14,56,21,-0.017476235,2014/2/4 0:00,ADM,Consumer Staples
ADM_2681,2013/8/6,112,160,105,12,83,8,0.0007923610000000001,2013/8/6 0:00,ADM,Consumer Staples
ADM_2685,2014/8/5,72,177,83,5,49,5,0.034291812000000005,2014/8/5 0:00,ADM,Consumer Staples
ADM_3000,2019/8/1,105,158,92,3,66,8,0.001703985,2019/8/1 0:00,ADM,Consumer Staples
ADM_2852,2017/8/1,77,279,110,7,82,8,0.026552843,2017/8/1 0:00,ADM,Consumer Staples
ADM_2999,2019/4/26,127,205,118,10,109,16,-0.019415181,2019/4/26 0:00,ADM,Consumer Staples
ADM_3002,2020/1/30,68,184,79,9,87,8,0.048534774,2020/1/30 0:00,ADM,Consumer Staples
CAG_6172,2014/9/18,72,207,51,6,71,4,0.045923137999999995,2014/9/18 0:00,CAG,Consumer Staples
CAG_6284,2016/6/30,85,229,97,4,61,6,0.0044118000000000004,2016/6/30 0:00,CAG,Consumer Staples
CAG_6288,2017/6/29,134,280,89,3,99,14,-0.034519592,2017/6/29 0:00,CAG,Consumer Staples
CAG_6548,2012/3/22,71,168,76,2,35,10,-0.005690446,2012/3/22 0:00,CAG,Consumer Staples
CAG_6371,2019/9/26,96,226,56,4,49,6,0.036789311,2019/9/26 0:00,CAG,Consumer Staples
CAG_6289,2017/9/28,108,263,78,4,60,9,0.018296358999999998,2017/9/28 0:00,CAG,Consumer Staples
CAG_6282,2015/12/22,124,248,80,5,103,8,0.010734341000000001,2015/12/22 0:00,CAG,Consumer Staples
CAG_6170,2014/3/20,102,176,80,8,85,12,0.013518123,2014/3/20 0:00,CAG,Consumer Staples
CAG_6369,2019/3/21,85,246,71,0,69,7,0.127510922,2019/3/21 0:00,CAG,Consumer Staples
CAG_6279,2015/3/26,105,254,67,5,68,30,-0.005437951,2015/3/26 0:00,CAG,Consumer Staples
CAG_6368,2018/12/20,197,253,100,3,84,8,-0.165348898,2018/12/20 0:00,CAG,Consumer Staples
CAG_6550,2012/6/21,80,185,77,7,45,8,0.026829257999999998,2012/6/21 0:00,CAG,Consumer Staples
CAG_6365,2018/3/22,88,240,87,5,48,9,0.003112638,2018/3/22 0:00,CAG,Consumer Staples
CAG_6278,2014/12/18,122,252,61,5,77,21,-0.014016157,2014/12/18 0:00,CAG,Consumer Staples
CAG_6165,2012/12/20,69,243,78,1,47,12,0.0066755469999999996,2012/12/20 0:00,CAG,Consumer Staples
CAG_6168,2013/9/19,113,183,73,4,87,14,-0.039600879,2013/9/19 0:00,CAG,Consumer Staples
CAG_6370,2019/6/27,156,245,83,4,87,10,-0.12098167900000001,2019/6/27 0:00,CAG,Consumer Staples
CAG_6166,2013/4/3,80,198,84,7,70,10,-0.019414723999999998,2013/4/3 0:00,CAG,Consumer Staples
CAG_6283,2016/4/7,99,248,80,5,75,4,0.01452784,2016/4/7 0:00,CAG,Consumer Staples
CAG_6285,2016/9/29,101,195,70,2,69,16,0.072339474,2016/9/29 0:00,CAG,Consumer Staples
CAG_6366,2018/6/28,72,211,93,6,74,10,0.010719353000000001,2018/6/28 0:00,CAG,Consumer Staples
CAG_6280,2015/6/30,130,248,101,8,132,23,0.006677423,2015/6/30 0:00,CAG,Consumer Staples
CAG_6167,2013/6/27,72,216,78,10,49,7,0.050674622999999995,2013/6/27 0:00,CAG,Consumer Staples
CAG_6364,2017/12/21,74,244,68,3,76,5,-0.00760359,2017/12/21 0:00,CAG,Consumer Staples
CAG_6169,2013/12/19,89,174,86,13,61,10,0.052846770999999994,2013/12/19 0:00,CAG,Consumer Staples
CAG_6171,2014/6/26,136,255,71,7,105,24,0.008353595,2014/6/26 0:00,CAG,Consumer Staples
CAG_6164,2012/9/20,75,227,69,2,42,9,0.061988312000000004,2012/9/20 0:00,CAG,Consumer Staples
CAG_6286,2016/12/22,117,220,59,2,67,11,0.033947393,2016/12/22 0:00,CAG,Consumer Staples
CHD_4606,2016/2/2,84,153,63,2,37,9,0.008346056999999999,2016/2/2 0:00,CHD,Consumer Staples
CHD_4598,2017/11/2,75,106,52,3,15,2,-0.016240797,2017/11/2 0:00,CHD,Consumer Staples
CHD_4870,2013/8/2,83,208,52,1,42,0,-0.034594095,2013/8/2 0:00,CHD,Consumer Staples
CHD_4601,2018/8/2,108,120,67,6,20,3,0.029737068999999998,2018/8/2 0:00,CHD,Consumer Staples
CHD_5093,2019/7/31,61,120,95,0,19,3,-0.015529099,2019/7/31 0:00,CHD,Consumer Staples
CHD_4599,2018/2/5,76,224,111,7,41,6,0.023526792,2018/2/5 0:00,CHD,Consumer Staples
CHD_4875,2014/11/3,74,171,72,2,48,2,-0.004143116,2014/11/3 0:00,CHD,Consumer Staples
CHD_5091,2019/2/6,73,195,66,4,46,9,0.038372473,2019/2/6 0:00,CHD,Consumer Staples
CHD_4981,2017/5/4,55,114,59,5,27,1,0.043076892,2017/5/4 0:00,CHD,Consumer Staples
CHD_4610,2012/8/7,129,268,86,10,44,5,-0.056732492,2012/8/7 0:00,CHD,Consumer Staples
CHD_5147,2017/2/7,93,152,78,6,24,3,0.040043997000000005,2017/2/7 0:00,CHD,Consumer Staples
CHD_4612,2013/2/5,65,262,104,6,97,6,0.011986249,2013/2/5 0:00,CHD,Consumer Staples
CHD_5095,2020/2/1,57,135,71,8,23,7,,,CHD,Consumer Staples
CHD_5198,2016/8/4,70,124,73,4,26,3,0.036467911,2016/8/4 0:00,CHD,Consumer Staples
CHD_4602,2018/11/1,71,109,51,1,18,0,0.092639446,2018/11/1 0:00,CHD,Consumer Staples
CHD_4871,2013/11/1,96,278,61,1,61,5,-0.001841945,2013/11/1 0:00,CHD,Consumer Staples
CHD_4982,2017/8/3,100,133,73,8,23,0,-0.018205938,2017/8/3 0:00,CHD,Consumer Staples
CHD_4872,2014/2/4,136,438,153,7,74,13,0.027231689,2014/2/4 0:00,CHD,Consumer Staples
CHD_4600,2018/5/3,63,132,57,1,15,1,0.036625252999999997,2018/5/3 0:00,CHD,Consumer Staples
CHD_4874,2014/8/1,99,235,64,3,53,6,0.02290435,2014/8/1 0:00,CHD,Consumer Staples
CHD_5148,2016/11/3,107,126,64,2,19,5,-0.066243409,2016/11/3 0:00,CHD,Consumer Staples
CHD_4607,2016/5/5,59,98,67,3,22,2,0.013100473,2016/5/5 0:00,CHD,Consumer Staples
CHD_5092,2019/5/2,72,98,63,2,21,0,0.013851226000000001,2019/5/2 0:00,CHD,Consumer Staples
CHD_4604,2015/8/4,93,191,68,6,29,11,0.007094665,2015/8/4 0:00,CHD,Consumer Staples
CHD_4603,2015/5/7,81,279,67,9,41,4,0.010638332,2015/5/7 0:00,CHD,Consumer Staples
CHD_4873,2014/5/1,114,182,62,5,58,3,-0.013621248999999998,2014/5/1 0:00,CHD,Consumer Staples
CHD_4609,2012/5/4,123,195,123,7,73,4,0.0025287120000000002,2012/5/4 0:00,CHD,Consumer Staples
CHD_4605,2015/11/2,72,178,63,2,26,3,-0.008014808,2015/11/2 0:00,CHD,Consumer Staples
CL_6256,2015/4/30,75,149,56,3,53,8,-0.017953632,2015/4/30 0:00,CL,Consumer Staples
CL_6257,2015/7/30,100,173,63,3,50,12,-0.013201852,2015/7/30 0:00,CL,Consumer Staples
CL_6265,2017/7/21,131,183,86,9,57,5,0.016368433,2017/7/21 0:00,CL,Consumer Staples
CL_6345,2018/1/26,104,205,83,5,50,6,-0.048506016,2018/1/26 0:00,CL,Consumer Staples
CL_6258,2015/10/30,99,152,73,6,61,2,-0.041600531,2015/10/30 0:00,CL,Consumer Staples
CL_6348,2018/10/26,148,147,53,1,58,9,-0.06643682,2018/10/26 0:00,CL,Consumer Staples
CL_6254,2014/10/24,80,116,68,1,29,4,0.004611766,2014/10/24 0:00,CL,Consumer Staples
CL_6250,2013/10/24,64,190,74,4,48,2,-0.006774859,2013/10/24 0:00,CL,Consumer Staples
CL_6346,2018/4/27,127,190,56,0,42,5,-0.00015009,2018/4/27 0:00,CL,Consumer Staples
CL_6139,2012/4/26,78,197,57,2,45,3,-0.0011046460000000001,2012/4/26 0:00,CL,Consumer Staples
CL_6138,2012/1/26,111,214,91,4,64,4,0.021355053,2012/1/26 0:00,CL,Consumer Staples
CL_6262,2016/10/27,90,126,61,7,23,3,-0.009682885,2016/10/27 0:00,CL,Consumer Staples
CL_6352,2019/11/1,54,159,30,0,41,1,-0.026093308,2019/11/1 0:00,CL,Consumer Staples
CL_6143,2013/4/25,87,147,51,3,61,3,0.012892253000000001,2013/4/25 0:00,CL,Consumer Staples
CL_6252,2014/4/25,89,160,46,9,41,3,-0.00286019,2014/4/25 0:00,CL,Consumer Staples
CL_6264,2017/4/28,111,165,54,1,52,19,-0.01718966,2017/4/28 0:00,CL,Consumer Staples
CL_6351,2019/7/26,71,214,49,1,41,2,0.024468262999999997,2019/7/26 0:00,CL,Consumer Staples
CL_6141,2012/10/25,105,132,65,0,43,3,-0.018393385,2012/10/25 0:00,CL,Consumer Staples
CL_6255,2015/1/29,74,197,60,1,67,3,0.060042934000000006,2015/1/29 0:00,CL,Consumer Staples
CL_6347,2018/7/27,99,155,63,4,67,11,-0.004182832,2018/7/27 0:00,CL,Consumer Staples
CL_6142,2013/1/31,95,149,61,6,53,3,-0.031393737000000005,2013/1/31 0:00,CL,Consumer Staples
CL_6261,2016/7/28,57,115,54,2,42,3,-0.00040937199999999997,2016/7/28 0:00,CL,Consumer Staples
CL_6349,2019/1/25,91,212,77,2,51,4,-0.005787791,2019/1/25 0:00,CL,Consumer Staples
CL_6263,2017/1/27,132,185,69,1,59,4,-0.052168782000000004,2017/1/27 0:00,CL,Consumer Staples
CL_6140,2012/7/26,89,174,58,4,50,6,0.040391171000000003,2012/7/26 0:00,CL,Consumer Staples
CL_6350,2019/4/26,46,145,30,1,55,2,0.037996805,2019/4/26 0:00,CL,Consumer Staples
CL_6251,2014/1/30,105,198,82,10,54,10,-0.001623615,2014/1/30 0:00,CL,Consumer Staples
CL_6253,2014/7/31,85,145,62,3,61,3,-0.040992271000000004,2014/7/31 0:00,CL,Consumer Staples
CL_6259,2016/1/29,87,148,48,6,48,11,0.038603541,2016/1/29 0:00,CL,Consumer Staples
CLX_5201,2018/10/31,99,247,99,6,55,6,-0.028595799999999998,2018/10/31 0:00,CLX,Consumer Staples
CLX_5221,2015/5/1,90,225,100,3,54,9,0.000848294,2015/5/1 0:00,CLX,Consumer Staples
CLX_5287,2012/8/2,115,183,129,9,62,8,0.000831452,2012/8/2 0:00,CLX,Consumer Staples
CLX_5205,2019/10/31,121,209,63,7,45,6,-0.020623346,2019/10/31 0:00,CLX,Consumer Staples
CLX_5199,2018/5/2,89,235,74,3,70,10,-0.007019343000000001,2018/5/2 0:00,CLX,Consumer Staples
CLX_5206,2020/2/4,95,274,99,1,57,8,,,CLX,Consumer Staples
CLX_5214,2018/2/2,105,275,94,9,89,19,-0.067127471,2018/2/2 0:00,CLX,Consumer Staples
CLX_5383,2015/11/2,43,220,77,1,48,12,0.030834791,2015/11/2 0:00,CLX,Consumer Staples
CLX_5204,2019/8/1,129,269,99,1,79,7,-0.039729437,2019/8/1 0:00,CLX,Consumer Staples
CLX_5219,2014/10/31,110,235,96,7,53,5,0.009127805,2014/10/31 0:00,CLX,Consumer Staples
CLX_5291,2013/8/1,100,165,87,2,28,2,-0.012915995,2013/8/1 0:00,CLX,Consumer Staples
CLX_5212,2017/8/3,97,290,110,2,59,10,0.020913802,2017/8/3 0:00,CLX,Consumer Staples
CLX_5211,2017/5/3,86,230,72,2,54,3,0.008532559,2017/5/3 0:00,CLX,Consumer Staples
CLX_5207,2016/5/3,64,246,82,0,54,10,0.019454896,2016/5/3 0:00,CLX,Consumer Staples
CLX_5216,2014/2/4,108,165,66,4,45,7,-0.006368725,2014/2/4 0:00,CLX,Consumer Staples
CLX_5210,2017/2/3,70,270,93,3,58,6,0.040751842999999996,2017/2/3 0:00,CLX,Consumer Staples
CLX_5384,2016/2/4,51,196,75,4,36,6,-0.048668834,2016/2/4 0:00,CLX,Consumer Staples
CLX_5286,2012/5/2,72,143,93,10,55,5,-0.031705137,2012/5/2 0:00,CLX,Consumer Staples
CLX_5203,2019/5/1,113,272,94,5,53,12,-0.072434686,2019/5/1 0:00,CLX,Consumer Staples
CLX_5213,2017/11/1,84,174,67,2,48,3,0.011775907,2017/11/1 0:00,CLX,Consumer Staples
CLX_5222,2015/8/3,73,243,93,2,53,10,0.02733605,2015/8/3 0:00,CLX,Consumer Staples
CLX_5218,2014/8/1,115,154,106,7,45,11,0.02682162,2014/8/1 0:00,CLX,Consumer Staples
CLX_5217,2014/5/1,141,170,126,2,44,6,-0.014332916000000001,2014/5/1 0:00,CLX,Consumer Staples
CLX_5209,2016/11/2,66,196,98,0,36,5,-0.0319692,2016/11/2 0:00,CLX,Consumer Staples
CLX_5220,2015/2/4,96,239,90,0,90,5,0.017828936,2015/2/4 0:00,CLX,Consumer Staples
CLX_5290,2013/5/1,151,164,138,2,40,5,-0.014492753999999998,2013/5/1 0:00,CLX,Consumer Staples
CLX_5202,2019/2/4,76,283,99,9,69,3,0.056853090999999994,2019/2/4 0:00,CLX,Consumer Staples
CLX_5200,2018/8/2,95,218,94,2,61,9,0.061717342,2018/8/2 0:00,CLX,Consumer Staples
CLX_5288,2012/11/2,74,143,73,2,47,3,0.003571949,2012/11/2 0:00,CLX,Consumer Staples
COST_5970,2014/3/6,105,152,77,12,73,4,-0.027560737000000002,2014/3/6 0:00,COST,Consumer Staples
COST_6015,2016/9/29,79,201,102,11,95,4,-0.012850533,2016/9/29 0:00,COST,Consumer Staples
COST_5975,2015/5/28,87,210,139,14,95,7,-0.00797692,2015/5/28 0:00,COST,Consumer Staples
COST_5964,2012/10/10,46,92,91,8,42,3,0.019269351,2012/10/10 0:00,COST,Consumer Staples
COST_5966,2013/3/12,69,118,98,13,23,4,0.012787949,2013/3/12 0:00,COST,Consumer Staples
COST_6016,2016/12/8,77,176,107,24,56,5,0.024309327999999998,2016/12/8 0:00,COST,Consumer Staples
COST_6021,2018/3/9,75,194,96,28,56,5,0.01556357,2018/3/9 0:00,COST,Consumer Staples
COST_5974,2015/3/5,96,168,126,18,60,8,0.027179453,2015/3/5 0:00,COST,Consumer Staples
COST_6024,2018/12/13,64,129,75,9,52,5,-0.005662899999999999,2018/12/13 0:00,COST,Consumer Staples
COST_6013,2016/3/3,114,191,125,19,72,7,-0.007788384000000001,2016/3/3 0:00,COST,Consumer Staples
COST_6026,2019/5/30,69,133,58,10,34,7,0.003531475,2019/5/30 0:00,COST,Consumer Staples
COST_5967,2013/5/30,61,132,99,19,46,3,-0.009473216,2013/5/30 0:00,COST,Consumer Staples
COST_5969,2013/12/11,67,106,89,5,50,6,-0.012245928,2013/12/11 0:00,COST,Consumer Staples
COST_5965,2012/12/12,46,81,66,3,42,6,-0.0060013869999999995,2012/12/12 0:00,COST,Consumer Staples
COST_5911,2012/5/24,91,126,87,15,43,9,0.014044002,2012/5/24 0:00,COST,Consumer Staples
COST_6019,2017/10/6,116,215,119,15,65,9,-0.059735502999999995,2017/10/6 0:00,COST,Consumer Staples
COST_6027,2019/10/4,72,161,85,4,38,9,0.009238801,2019/10/4 0:00,COST,Consumer Staples
COST_6022,2018/6/1,72,150,96,11,76,7,-0.005599277,2018/6/1 0:00,COST,Consumer Staples
COST_6014,2016/5/26,72,107,110,18,66,4,0.03576874,2016/5/26 0:00,COST,Consumer Staples
COST_6023,2018/10/5,90,154,85,13,41,5,-0.055507535,2018/10/5 0:00,COST,Consumer Staples
COST_5910,2012/2/29,91,128,84,14,48,3,0.0092647,2012/2/29 0:00,COST,Consumer Staples
COST_5973,2014/12/10,78,169,105,11,61,7,-0.019504988,2014/12/10 0:00,COST,Consumer Staples
COST_6011,2015/9/30,86,186,105,12,51,5,0.00591432,2015/9/30 0:00,COST,Consumer Staples
COST_5972,2014/10/8,70,126,87,13,46,5,0.027620332999999997,2014/10/8 0:00,COST,Consumer Staples
COST_5968,2013/10/9,84,119,106,7,58,9,0.021210207000000002,2013/10/9 0:00,COST,Consumer Staples
COST_6012,2015/12/9,124,194,110,23,44,7,-0.054183657,2015/12/9 0:00,COST,Consumer Staples
COST_5971,2014/5/29,75,123,94,7,53,6,-0.000875337,2014/5/29 0:00,COST,Consumer Staples
COST_6020,2017/12/15,54,147,89,25,36,1,0.033238605,2017/12/15 0:00,COST,Consumer Staples
COTY_6234,2016/2/4,78,126,57,12,62,9,0.152377079,2016/2/4 0:00,COTY,Consumer Staples
COTY_6237,2016/11/9,116,178,91,0,67,11,-0.10232982300000001,2016/11/9 0:00,COTY,Consumer Staples
COTY_6337,2019/2/8,120,173,72,7,81,19,0.321529745,2019/2/8 0:00,COTY,Consumer Staples
COTY_6338,2019/5/9,109,158,63,2,54,6,-0.000863578,2019/5/9 0:00,COTY,Consumer Staples
COTY_6235,2016/5/3,154,154,88,4,92,10,-0.087250455,2016/5/3 0:00,COTY,Consumer Staples
COTY_6225,2013/11/9,121,167,75,3,49,6,0.015343596000000001,2013/11/11 0:00,COTY,Consumer Staples
COTY_6227,2014/5/14,108,172,32,3,53,11,0.021373114,2014/5/14 0:00,COTY,Consumer Staples
COTY_6238,2017/2/9,125,187,79,2,76,13,-0.0858284,2017/2/9 0:00,COTY,Consumer Staples
COTY_6334,2018/5/9,81,215,38,2,46,5,-0.055974805999999995,2018/5/9 0:00,COTY,Consumer Staples
COTY_6228,2014/8/28,116,171,36,2,61,3,-0.034425365,2014/8/28 0:00,COTY,Consumer Staples
COTY_6340,2019/11/6,82,183,67,3,47,2,0.136125691,2019/11/6 0:00,COTY,Consumer Staples
COTY_6335,2018/8/21,126,222,58,3,96,8,-0.070967676,2018/8/21 0:00,COTY,Consumer Staples
COTY_6239,2017/5/10,103,210,72,0,61,2,0.118900777,2017/5/10 0:00,COTY,Consumer Staples
COTY_6332,2017/11/9,108,235,71,3,58,3,0.138211313,2017/11/9 0:00,COTY,Consumer Staples
COTY_6339,2019/8/28,94,185,56,3,70,8,0.060227240999999994,2019/8/28 0:00,COTY,Consumer Staples
COTY_6230,2015/2/5,86,124,56,7,57,10,0.122028496,2015/2/5 0:00,COTY,Consumer Staples
COTY_6333,2018/2/8,67,226,42,1,53,4,0.141876408,2018/2/8 0:00,COTY,Consumer Staples
COTY_6336,2018/11/7,173,194,49,5,58,16,-0.22540253899999999,2018/11/7 0:00,COTY,Consumer Staples
COTY_6224,2013/9/17,86,196,49,2,72,8,-0.03753844,2013/9/17 0:00,COTY,Consumer Staples
COTY_6233,2015/11/5,97,135,67,10,117,7,-0.057762985,2015/11/5 0:00,COTY,Consumer Staples
COTY_6232,2015/8/13,49,108,23,4,51,6,0.060933149000000006,2015/8/13 0:00,COTY,Consumer Staples
COTY_6341,2020/2/5,80,203,66,2,63,4,,,COTY,Consumer Staples
COTY_6226,2014/2/17,97,191,44,1,37,3,-0.037313446,2014/2/18 0:00,COTY,Consumer Staples
CPB_4137,2013/11/19,189,108,65,5,35,2,-0.06242527,2013/11/19 0:00,CPB,Consumer Staples
CPB_4408,2017/8/31,136,163,57,5,39,11,-0.080597,2017/8/31 0:00,CPB,Consumer Staples
CPB_4412,2018/8/30,212,260,96,7,115,16,-0.021005253999999998,2018/8/30 0:00,CPB,Consumer Staples
CPB_4140,2014/9/8,159,138,97,5,61,8,-0.025819522,2014/9/8 0:00,CPB,Consumer Staples
CPB_4282,2016/11/22,100,215,49,2,37,9,0.035973828,2016/11/22 0:00,CPB,Consumer Staples
CPB_4277,2015/9/3,121,176,73,2,45,3,0.015909531,2015/9/3 0:00,CPB,Consumer Staples
CPB_4279,2016/2/25,134,204,54,1,27,8,0.034528336,2016/2/25 0:00,CPB,Consumer Staples
CPB_4409,2017/11/21,151,130,76,3,41,6,-0.081914683,2017/11/21 0:00,CPB,Consumer Staples
CPB_4415,2019/6/5,139,221,58,0,48,5,0.10023614900000001,2019/6/5 0:00,CPB,Consumer Staples
CPB_4410,2018/2/16,136,184,60,3,57,10,-0.032075526,2018/2/16 0:00,CPB,Consumer Staples
CPB_4284,2017/5/19,134,173,48,1,55,11,-0.02037232,2017/5/19 0:00,CPB,Consumer Staples
CPB_4139,2014/5/19,155,142,65,5,36,7,-0.023492854,2014/5/19 0:00,CPB,Consumer Staples
CPB_4411,2018/5/18,132,126,54,2,66,16,-0.12366145199999999,2018/5/18 0:00,CPB,Consumer Staples
CPB_4132,2012/9/4,138,149,68,0,52,2,-0.000569165,2012/9/4 0:00,CPB,Consumer Staples
CPB_4278,2015/11/24,130,170,54,0,33,5,0.030929922999999998,2015/11/24 0:00,CPB,Consumer Staples
CPB_4138,2014/2/14,168,194,73,10,85,8,0.049792459000000004,2014/2/14 0:00,CPB,Consumer Staples
CPB_4276,2015/5/22,134,178,63,1,46,9,0.020882155,2015/5/22 0:00,CPB,Consumer Staples
CPB_4141,2014/11/25,133,179,78,0,46,6,0.001121311,2014/11/25 0:00,CPB,Consumer Staples
CPB_4134,2013/2/15,126,209,50,0,36,3,0.017561991000000002,2013/2/15 0:00,CPB,Consumer Staples
CPB_4142,2015/2/25,145,186,72,3,43,12,-0.001058938,2015/2/25 0:00,CPB,Consumer Staples
CPB_4133,2012/11/20,118,145,61,3,25,5,-0.020027108999999998,2012/11/20 0:00,CPB,Consumer Staples
CPB_4135,2013/5/20,124,220,83,4,31,6,-0.038841113999999996,2013/5/20 0:00,CPB,Consumer Staples
CPB_4136,2013/8/29,139,195,93,2,40,20,-0.030865517000000002,2013/8/29 0:00,CPB,Consumer Staples
CPB_4413,2018/11/20,157,177,46,2,31,6,0.054616344000000004,2018/11/20 0:00,CPB,Consumer Staples
CPB_4281,2016/9/1,170,172,57,0,47,10,-0.062747057,2016/9/1 0:00,CPB,Consumer Staples
CPB_4283,2017/2/17,115,188,53,0,41,12,-0.065067942,2017/2/17 0:00,CPB,Consumer Staples
CPB_4592,2019/12/4,94,208,65,1,37,2,0.018705325,2019/12/4 0:00,CPB,Consumer Staples
CPB_3986,2012/5/21,103,118,62,2,26,5,-0.019461123,2012/5/21 0:00,CPB,Consumer Staples
CVS_6613,2014/8/5,90,204,114,7,51,6,-0.001292569,2014/8/5 0:00,CVS,Consumer Staples
CVS_6456,2012/11/6,70,183,89,6,44,5,0.005361355,2012/11/6 0:00,CVS,Consumer Staples
CVS_6300,2018/11/6,61,163,55,15,44,5,0.057131210999999994,2018/11/6 0:00,CVS,Consumer Staples
CVS_6182,2016/11/8,96,161,108,19,53,23,-0.118239605,2016/11/8 0:00,CVS,Consumer Staples
CVS_6514,2015/5/1,75,211,77,6,42,4,0.011783645,2015/5/1 0:00,CVS,Consumer Staples
CVS_6186,2017/11/6,105,162,89,12,62,15,-0.035379017,2017/11/6 0:00,CVS,Consumer Staples
CVS_6518,2016/5/3,87,200,89,14,40,4,0.024346982000000003,2016/5/3 0:00,CVS,Consumer Staples
CVS_6516,2015/10/30,98,212,119,13,46,4,-0.048362275,2015/10/30 0:00,CVS,Consumer Staples
CVS_6305,2020/2/12,85,226,64,25,76,6,,,CVS,Consumer Staples
CVS_6187,2018/2/8,70,161,71,12,57,11,-0.051109555999999993,2018/2/8 0:00,CVS,Consumer Staples
CVS_6457,2013/2/6,76,156,69,17,35,10,-0.009280733000000001,2013/2/6 0:00,CVS,Consumer Staples
CVS_6185,2017/8/8,102,189,88,21,41,19,-0.006951504,2017/8/8 0:00,CVS,Consumer Staples
CVS_6188,2018/5/2,92,191,83,19,56,7,-0.030294082000000003,2018/5/2 0:00,CVS,Consumer Staples
CVS_6453,2012/2/8,100,207,122,19,64,20,0.011374137,2012/2/8 0:00,CVS,Consumer Staples
CVS_6301,2019/2/20,101,246,71,20,92,9,-0.08099594,2019/2/20 0:00,CVS,Consumer Staples
CVS_6189,2018/8/8,132,237,102,36,61,22,0.041558462000000004,2018/8/8 0:00,CVS,Consumer Staples
CVS_6616,2013/11/5,77,174,99,37,46,10,0.020006481,2013/11/5 0:00,CVS,Consumer Staples
CVS_6454,2012/5/2,115,213,118,17,57,19,0.027063277,2012/5/2 0:00,CVS,Consumer Staples
CVS_6455,2012/8/8,97,208,92,14,57,17,0.032638315,2012/8/8 0:00,CVS,Consumer Staples
CVS_6302,2019/5/1,89,209,66,20,49,5,0.054247897999999996,2019/5/1 0:00,CVS,Consumer Staples
CVS_6615,2014/2/11,98,219,85,14,87,7,0.027337827000000002,2014/2/11 0:00,CVS,Consumer Staples
CVS_6303,2019/8/7,71,264,88,17,58,6,0.074505431,2019/8/7 0:00,CVS,Consumer Staples
CVS_6458,2013/5/1,91,191,119,20,58,11,0.009797176,2013/5/1 0:00,CVS,Consumer Staples
CVS_6612,2014/11/4,77,203,87,17,45,4,-0.007547625,2014/11/4 0:00,CVS,Consumer Staples
CVS_6184,2017/5/2,113,185,90,18,43,12,-0.036115167000000004,2017/5/2 0:00,CVS,Consumer Staples
CVS_6617,2013/8/6,107,214,105,26,72,10,-0.028075292999999998,2013/8/6 0:00,CVS,Consumer Staples
CVS_6183,2017/2/9,109,182,89,18,43,9,0.003634932,2017/2/9 0:00,CVS,Consumer Staples
CVS_6181,2016/8/3,102,273,85,16,55,4,-0.00642461,2016/8/3 0:00,CVS,Consumer Staples
EL_8821,2018/5/2,83,254,91,23,68,8,-0.085144532,2018/5/2 0:00,EL,Consumer Staples
EL_8627,2014/8/15,69,440,84,7,96,11,0.003425588,2014/8/15 0:00,EL,Consumer Staples
EL_8825,2019/5/1,87,277,68,1,51,8,-0.008788746,2019/5/1 0:00,EL,Consumer Staples
EL_8819,2017/11/1,61,261,56,1,36,7,0.092210048,2017/11/1 0:00,EL,Consumer Staples
EL_8815,2016/11/2,96,276,84,2,64,12,-0.054461233,2016/11/2 0:00,EL,Consumer Staples
EL_8820,2018/2/2,69,287,80,16,45,6,-0.001263363,2018/2/2 0:00,EL,Consumer Staples
EL_8624,2013/10/31,69,283,80,5,59,7,-0.005883976,2013/10/31 0:00,EL,Consumer Staples
EL_8925,2013/2/5,102,236,71,5,57,4,0.059950857999999996,2013/2/5 0:00,EL,Consumer Staples
EL_8926,2012/11/1,87,241,80,4,65,12,-0.007302836,2012/11/1 0:00,EL,Consumer Staples
EL_8824,2019/2/5,85,299,60,9,39,16,0.116398666,2019/2/5 0:00,EL,Consumer Staples
EL_8630,2015/8/18,126,331,97,5,89,6,0.0123188,2015/8/18 0:00,EL,Consumer Staples
EL_8625,2014/2/5,89,250,70,4,56,13,-0.055354845,2014/2/5 0:00,EL,Consumer Staples
EL_8928,2012/5/4,75,285,70,2,58,9,-0.053468437,2012/5/4 0:00,EL,Consumer Staples
EL_8828,2020/2/6,89,200,53,1,62,15,,,EL,Consumer Staples
EL_8632,2016/2/5,88,226,73,2,50,8,0.045741819,2016/2/5 0:00,EL,Consumer Staples
EL_8626,2014/5/2,100,297,83,5,64,7,0.047513509,2014/5/2 0:00,EL,Consumer Staples
EL_8823,2018/10/31,99,305,94,5,42,6,0.04740132,2018/10/31 0:00,EL,Consumer Staples
EL_8927,2012/8/14,126,392,97,6,94,12,0.093074039,2012/8/14 0:00,EL,Consumer Staples
EL_8631,2015/11/2,98,238,94,2,43,10,0.08090979599999999,2015/11/2 0:00,EL,Consumer Staples
EL_8817,2017/5/3,71,250,45,1,48,6,0.043667119000000004,2017/5/3 0:00,EL,Consumer Staples
EL_8814,2016/8/19,149,289,105,4,81,9,-0.035436332,2016/8/19 0:00,EL,Consumer Staples
EL_8818,2017/8/18,109,374,84,1,71,14,0.077298601,2017/8/18 0:00,EL,Consumer Staples
EL_8623,2013/8/15,104,340,96,2,102,8,0.034239267000000004,2013/8/15 0:00,EL,Consumer Staples
EL_8929,2012/2/3,87,245,59,2,59,7,-0.023279507,2012/2/3 0:00,EL,Consumer Staples
EL_8822,2018/8/20,116,354,74,9,76,13,0.033985545,2018/8/20 0:00,EL,Consumer Staples
EL_8813,2016/5/3,73,268,65,1,61,9,-0.039534608,2016/5/3 0:00,EL,Consumer Staples
EL_8816,2017/2/2,103,237,65,0,49,9,0.02602605,2017/2/2 0:00,EL,Consumer Staples
EL_8826,2019/8/19,106,347,91,6,58,15,0.125153401,2019/8/19 0:00,EL,Consumer Staples
GIS_10262,2018/6/27,92,212,48,0,116,5,-0.007164607,2018/6/27 0:00,GIS,Consumer Staples
GIS_9986,2016/3/23,101,227,50,2,63,2,0.003618974,2016/3/23 0:00,GIS,Consumer Staples
GIS_10263,2018/9/18,84,225,58,1,41,7,-0.07619843700000001,2018/9/18 0:00,GIS,Consumer Staples
GIS_9980,2014/9/17,98,191,63,3,58,2,-0.044189516,2014/9/17 0:00,GIS,Consumer Staples
GIS_9978,2014/3/19,82,166,51,2,49,7,0.00059165,2014/3/19 0:00,GIS,Consumer Staples
GIS_9983,2015/7/1,83,170,45,2,79,12,0.024587202000000002,2015/7/1 0:00,GIS,Consumer Staples
GIS_10136,2017/3/21,116,171,77,4,40,4,-0.008297378000000001,2017/3/21 0:00,GIS,Consumer Staples
GIS_9820,2012/6/27,63,151,64,2,60,11,-0.015727451,2012/6/27 0:00,GIS,Consumer Staples
GIS_10139,2017/12/20,97,337,49,7,55,5,0.019607795,2017/12/20 0:00,GIS,Consumer Staples
GIS_9824,2013/6/26,59,203,54,3,56,4,-0.004759018,2013/6/26 0:00,GIS,Consumer Staples
GIS_9984,2015/9/22,91,201,49,2,39,3,0.005986971999999999,2015/9/22 0:00,GIS,Consumer Staples
GIS_10267,2019/9/18,97,275,50,0,44,3,-0.009085953,2019/9/18 0:00,GIS,Consumer Staples
GIS_9976,2013/9/18,78,162,72,2,19,0,0.007432759000000001,2013/9/18 0:00,GIS,Consumer Staples
GIS_10135,2016/12/20,119,226,60,5,72,4,-0.025531249,2016/12/20 0:00,GIS,Consumer Staples
GIS_9823,2013/3/20,54,176,36,5,32,3,0.025635556,2013/3/20 0:00,GIS,Consumer Staples
GIS_9985,2015/12/17,86,180,47,4,42,2,-0.033113687,2015/12/17 0:00,GIS,Consumer Staples
GIS_9982,2015/3/18,67,168,50,2,27,5,0.015561986000000002,2015/3/18 0:00,GIS,Consumer Staples
GIS_10265,2019/3/20,74,261,48,1,31,7,0.022226909,2019/3/20 0:00,GIS,Consumer Staples
GIS_9979,2014/6/25,72,203,43,5,48,5,-0.036126674,2014/6/25 0:00,GIS,Consumer Staples
GIS_10268,2019/12/18,82,275,53,2,58,1,0.019359827,2019/12/18 0:00,GIS,Consumer Staples
GIS_10137,2017/6/28,88,238,51,1,85,7,0.016210333,2017/6/28 0:00,GIS,Consumer Staples
GIS_10134,2016/9/21,94,233,38,2,40,4,0.008655413,2016/9/21 0:00,GIS,Consumer Staples
GIS_9987,2016/6/29,92,218,46,5,75,3,0.031934282,2016/6/29 0:00,GIS,Consumer Staples
GIS_9821,2012/9/19,80,173,60,3,39,3,0.018061538000000002,2012/9/19 0:00,GIS,Consumer Staples
GIS_10264,2018/12/19,107,268,55,2,47,7,0.050408677,2018/12/19 0:00,GIS,Consumer Staples
GIS_10140,2018/3/21,82,212,54,2,85,2,-0.088523973,2018/3/21 0:00,GIS,Consumer Staples
GIS_9977,2013/12/18,99,228,59,2,90,4,0.003025367,2013/12/18 0:00,GIS,Consumer Staples
GIS_9822,2012/12/19,67,211,71,1,30,4,-0.011970313,2012/12/19 0:00,GIS,Consumer Staples
HRL_11482,2014/11/25,55,115,59,6,57,3,-0.051912087999999995,2014/11/25 0:00,HRL,Consumer Staples
HRL_11485,2015/8/19,57,91,50,3,23,4,0.011900846999999999,2015/8/19 0:00,HRL,Consumer Staples
HRL_11562,2017/5/25,101,120,89,1,54,4,-0.06412430400000001,2017/5/25 0:00,HRL,Consumer Staples
HRL_11483,2015/2/19,43,127,32,2,34,2,0.026897081,2015/2/19 0:00,HRL,Consumer Staples
HRL_11481,2014/8/21,66,92,52,3,32,2,0.043042155,2014/8/21 0:00,HRL,Consumer Staples
HRL_11567,2018/8/23,95,137,83,12,32,7,-0.030641302000000002,2018/8/23 0:00,HRL,Consumer Staples
HRL_11918,2012/2/23,82,99,67,1,44,0,-0.022382972,2012/2/23 0:00,HRL,Consumer Staples
HRL_11561,2017/2/23,106,162,61,3,50,6,-0.053887356,2017/2/23 0:00,HRL,Consumer Staples
HRL_11568,2018/11/20,93,126,65,5,77,6,-0.009038797,2018/11/20 0:00,HRL,Consumer Staples
HRL_11560,2016/11/22,69,151,56,3,61,1,0.026330911000000002,2016/11/22 0:00,HRL,Consumer Staples
HRL_11572,2019/11/26,103,170,72,2,42,3,0.035547253,2019/11/26 0:00,HRL,Consumer Staples
HRL_11922,2013/2/21,60,77,61,4,38,4,0.010797326000000001,2013/2/21 0:00,HRL,Consumer Staples
HRL_11487,2016/2/16,39,211,46,4,35,2,0.07084334,2016/2/16 0:00,HRL,Consumer Staples
HRL_11563,2017/8/24,120,118,79,5,67,8,-0.053950415999999994,2017/8/24 0:00,HRL,Consumer Staples
HRL_11921,2012/11/20,60,93,47,4,32,3,-0.039936103,2012/11/20 0:00,HRL,Consumer Staples
HRL_11564,2017/11/21,99,163,99,0,73,7,0.033532901000000004,2017/11/21 0:00,HRL,Consumer Staples
HRL_11480,2014/5/21,63,80,61,7,50,4,-0.028642065,2014/5/21 0:00,HRL,Consumer Staples
HRL_11924,2013/8/22,60,101,71,2,46,3,0.015198275,2013/8/22 0:00,HRL,Consumer Staples
HRL_11571,2019/8/22,77,130,72,0,38,8,0.048328032,2019/8/22 0:00,HRL,Consumer Staples
HRL_11566,2018/5/24,110,124,65,6,55,3,-0.011166988999999999,2018/5/24 0:00,HRL,Consumer Staples
HRL_11484,2015/5/20,64,107,57,3,28,6,0.042122216,2015/5/20 0:00,HRL,Consumer Staples
HRL_11478,2013/11/26,75,124,58,5,37,2,0.059142371,2013/11/26 0:00,HRL,Consumer Staples
HRL_11920,2012/8/23,67,111,79,6,39,3,0.014074581999999999,2012/8/23 0:00,HRL,Consumer Staples
HRL_11919,2012/5/23,75,101,74,1,45,7,0.010962648,2012/5/23 0:00,HRL,Consumer Staples
HRL_11486,2015/11/24,55,126,50,7,46,12,0.029742961000000002,2015/11/24 0:00,HRL,Consumer Staples
HRL_11489,2016/8/18,76,123,61,2,50,4,0.018982186,2016/8/18 0:00,HRL,Consumer Staples
HRL_11570,2019/5/23,156,155,105,6,64,10,-0.009116247,2019/5/23 0:00,HRL,Consumer Staples
HRL_11479,2014/2/20,53,100,61,4,44,3,0.0194217,2014/2/20 0:00,HRL,Consumer Staples
HRL_11488,2016/5/18,71,129,51,4,74,3,-0.085567004,2016/5/18 0:00,HRL,Consumer Staples
HSY_10984,2018/7/26,72,227,75,5,42,13,0.073575371,2018/7/26 0:00,HSY,Consumer Staples
HSY_10983,2018/4/26,85,190,91,2,45,7,-0.002672653,2018/4/26 0:00,HSY,Consumer Staples
HSY_10835,2016/1/28,93,143,56,2,51,4,0.030439413999999998,2016/1/28 0:00,HSY,Consumer Staples
HSY_10990,2020/1/30,73,187,78,5,65,4,0.04624549,2020/1/30 0:00,HSY,Consumer Staples
HSY_10977,2016/10/28,80,220,80,0,89,6,0.072139035,2016/10/28 0:00,HSY,Consumer Staples
HSY_10980,2017/7/26,96,218,66,1,54,4,-0.013402852,2017/7/26 0:00,HSY,Consumer Staples
HSY_10671,2012/4/24,83,204,100,1,56,10,0.059560105999999995,2012/4/24 0:00,HSY,Consumer Staples
HSY_10985,2018/10/25,66,202,74,4,56,4,-0.049274307999999996,2018/10/25 0:00,HSY,Consumer Staples
HSY_10832,2015/4/23,102,126,89,0,36,3,-0.034577458,2015/4/23 0:00,HSY,Consumer Staples
HSY_10673,2012/10/25,47,187,73,4,53,9,-0.0038506029999999998,2012/10/25 0:00,HSY,Consumer Staples
HSY_10978,2017/2/3,65,198,75,3,40,2,0.013164192,2017/2/3 0:00,HSY,Consumer Staples
HSY_10831,2015/1/29,94,176,87,0,51,6,-0.040768939,2015/1/29 0:00,HSY,Consumer Staples
HSY_10982,2018/2/1,81,194,61,2,55,3,-0.059458036,2018/2/1 0:00,HSY,Consumer Staples
HSY_10979,2017/4/26,75,166,86,2,34,9,-0.008851181,2017/4/26 0:00,HSY,Consumer Staples
HSY_10830,2014/10/29,91,133,86,3,44,8,-0.015387848999999999,2014/10/29 0:00,HSY,Consumer Staples
HSY_10826,2013/10/24,40,148,73,1,46,5,-0.004543054,2013/10/24 0:00,HSY,Consumer Staples
HSY_10988,2019/7/25,74,166,76,1,41,7,0.02016903,2019/7/25 0:00,HSY,Consumer Staples
HSY_10672,2012/7/26,83,216,91,3,38,2,0.01564053,2012/7/26 0:00,HSY,Consumer Staples
HSY_10828,2014/4/24,104,138,78,5,53,2,-0.041238191,2014/4/24 0:00,HSY,Consumer Staples
HSY_10986,2019/1/31,111,232,92,1,74,8,0.004925143,2019/1/31 0:00,HSY,Consumer Staples
HSY_10829,2014/7/24,101,125,68,1,51,5,-0.017659613,2014/7/24 0:00,HSY,Consumer Staples
HSY_10827,2014/1/30,57,153,65,4,36,3,0.026157969,2014/1/30 0:00,HSY,Consumer Staples
HSY_10976,2016/7/29,89,190,74,1,73,5,-0.005298575,2016/7/29 0:00,HSY,Consumer Staples
HSY_10987,2019/4/25,65,188,56,2,46,5,0.045870016,2019/4/25 0:00,HSY,Consumer Staples
HSY_10674,2013/1/31,59,178,76,2,55,2,0.014946323000000001,2013/1/31 0:00,HSY,Consumer Staples
HSY_10989,2019/10/24,72,177,85,1,76,3,-0.022309875,2019/10/24 0:00,HSY,Consumer Staples
HSY_10825,2013/7/25,55,149,73,2,30,5,0.011090758999999999,2013/7/25 0:00,HSY,Consumer Staples
HSY_10981,2017/10/26,63,166,66,2,54,3,-0.052762392000000005,2017/10/26 0:00,HSY,Consumer Staples
HSY_10670,2012/2/1,99,169,89,3,41,8,0.0036017909999999996,2012/2/1 0:00,HSY,Consumer Staples
K_12340,2015/8/4,87,219,61,2,49,6,0.021643716,2015/8/4 0:00,K,Consumer Staples
K_12611,2019/2/7,85,228,60,3,69,6,-0.056118994000000005,2019/2/7 0:00,K,Consumer Staples
K_12721,2012/4/26,129,201,93,1,48,8,-0.003565068,2012/4/26 0:00,K,Consumer Staples
K_12719,2012/11/1,77,273,61,3,35,1,0.022553523,2012/11/1 0:00,K,Consumer Staples
K_12501,2017/8/3,93,237,55,4,44,4,0.043297717,2017/8/3 0:00,K,Consumer Staples
K_12337,2014/10/30,89,222,57,2,66,10,0.025132058,2014/10/30 0:00,K,Consumer Staples
K_12498,2016/11/1,132,384,88,1,77,5,0.001064845,2016/11/1 0:00,K,Consumer Staples
K_12610,2018/10/31,92,202,58,1,43,9,-0.08878370699999999,2018/10/31 0:00,K,Consumer Staples
K_12338,2015/2/12,94,178,66,4,58,4,-0.045248924,2015/2/12 0:00,K,Consumer Staples
K_12615,2020/2/6,144,241,37,0,50,5,,,K,Consumer Staples
K_12720,2012/8/2,86,292,51,0,42,6,0.034093227000000004,2012/8/2 0:00,K,Consumer Staples
K_12714,2014/2/6,100,208,60,1,73,8,0.006449412,2014/2/6 0:00,K,Consumer Staples
K_12717,2013/5/2,91,235,76,0,37,8,-0.018418239,2013/5/2 0:00,K,Consumer Staples
K_12613,2019/8/1,113,222,47,1,55,8,0.09292338900000001,2019/8/1 0:00,K,Consumer Staples
K_12612,2019/5/2,160,253,58,1,66,9,-0.033844054,2019/5/2 0:00,K,Consumer Staples
K_12500,2017/5/4,120,229,59,2,59,6,0.021177822000000002,2017/5/4 0:00,K,Consumer Staples
K_12341,2015/11/3,101,231,73,2,39,9,-0.035689056000000004,2015/11/3 0:00,K,Consumer Staples
K_12715,2013/11/4,85,227,61,0,87,7,0.0069032,2013/11/4 0:00,K,Consumer Staples
K_12496,2016/5/5,82,255,63,0,46,5,-0.02557769,2016/5/5 0:00,K,Consumer Staples
K_12495,2016/2/11,72,266,69,1,40,7,0.039937931,2016/2/11 0:00,K,Consumer Staples
K_12503,2018/2/8,106,316,53,2,65,7,0.027565867,2018/2/8 0:00,K,Consumer Staples
K_12335,2014/5/1,104,209,60,1,59,4,-0.021846462,2014/5/1 0:00,K,Consumer Staples
K_12609,2018/8/2,86,250,40,1,41,5,0.006481304,2018/8/2 0:00,K,Consumer Staples
K_12722,2012/2/2,84,153,72,1,40,12,0.025958198,2012/2/2 0:00,K,Consumer Staples
K_12608,2018/5/3,79,265,52,1,53,2,0.026478375,2018/5/3 0:00,K,Consumer Staples
K_12336,2014/7/31,74,209,63,0,63,7,-0.061195634000000006,2014/7/31 0:00,K,Consumer Staples
K_12502,2017/10/31,101,284,46,2,57,5,0.062170884,2017/10/31 0:00,K,Consumer Staples
K_12716,2013/8/1,87,219,55,0,62,7,-0.012379223,2013/8/1 0:00,K,Consumer Staples
K_12614,2019/10/29,99,235,53,0,66,3,0.029642933,2019/10/29 0:00,K,Consumer Staples
KHC_12874,2016/2/25,111,178,57,2,45,1,0.026990016000000002,2016/2/25 0:00,KHC,Consumer Staples
KHC_13001,2018/11/2,111,176,74,1,30,1,-0.097330981,2018/11/2 0:00,KHC,Consumer Staples
KHC_13005,2020/2/13,138,221,63,2,57,5,,,KHC,Consumer Staples
KHC_13002,2019/2/22,135,186,61,3,48,7,-0.274595257,2019/2/22 0:00,KHC,Consumer Staples
KHC_12995,2017/5/3,117,149,63,3,38,7,0.001573027,2017/5/3 0:00,KHC,Consumer Staples
KHC_13004,2019/10/31,102,185,60,1,39,7,0.134386029,2019/10/31 0:00,KHC,Consumer Staples
KHC_12872,2015/8/14,16,9,8,0,9,1,0.0056586430000000005,2015/8/14 0:00,KHC,Consumer Staples
KHC_13003,2019/8/8,131,215,100,4,61,14,-0.08584390800000001,2019/8/8 0:00,KHC,Consumer Staples
KHC_12997,2017/11/1,98,210,55,0,33,0,0.004784626,2017/11/1 0:00,KHC,Consumer Staples
KHC_12996,2017/8/3,104,211,57,1,40,8,-0.00414413,2017/8/3 0:00,KHC,Consumer Staples
KHC_13000,2018/8/3,70,189,56,2,41,4,0.085521914,2018/8/3 0:00,KHC,Consumer Staples
KHC_13039,2017/2/15,82,226,67,5,49,2,0.003138461,2017/2/15 0:00,KHC,Consumer Staples
KHC_12876,2016/8/5,94,154,61,0,39,3,0.037993921,2016/8/5 0:00,KHC,Consumer Staples
KHC_12873,2015/11/6,114,206,55,4,62,8,-0.04521342,2015/11/6 0:00,KHC,Consumer Staples
KHC_12877,2016/11/4,118,184,59,1,39,8,-0.025507211000000002,2016/11/4 0:00,KHC,Consumer Staples
KHC_12875,2016/5/4,104,173,60,0,32,2,0.016522662,2016/5/4 0:00,KHC,Consumer Staples
KMB_12320,2015/7/23,88,164,70,0,31,9,-0.005080210999999999,2015/7/23 0:00,KMB,Consumer Staples
KMB_12179,2013/4/19,145,242,116,12,95,7,0.046764044000000005,2013/4/19 0:00,KMB,Consumer Staples
KMB_12175,2012/4/20,105,209,94,7,34,5,0.015942616,2012/4/20 0:00,KMB,Consumer Staples
KMB_12599,2019/10/22,95,213,69,3,27,8,-0.070479182,2019/10/22 0:00,KMB,Consumer Staples
KMB_12486,2017/10/23,98,155,86,1,25,4,-0.008021894,2017/10/23 0:00,KMB,Consumer Staples
KMB_12725,2013/10/22,112,211,98,2,31,2,0.041890063,2013/10/22 0:00,KMB,Consumer Staples
KMB_12487,2018/1/23,161,259,111,3,74,8,0.007954774,2018/1/23 0:00,KMB,Consumer Staples
KMB_12177,2012/10/24,111,167,87,4,40,6,-0.020014017,2012/10/24 0:00,KMB,Consumer Staples
KMB_12321,2015/10/21,91,177,49,1,42,3,0.0074218999999999995,2015/10/21 0:00,KMB,Consumer Staples
KMB_12479,2016/1/25,84,161,83,4,44,5,-0.031802389,2016/1/25 0:00,KMB,Consumer Staples
KMB_12318,2015/1/23,85,168,95,1,42,6,-0.061607006,2015/1/23 0:00,KMB,Consumer Staples
KMB_12694,2018/4/23,114,212,102,5,56,7,-0.015095493,2018/4/23 0:00,KMB,Consumer Staples
KMB_12316,2014/7/22,95,151,99,3,35,5,-0.030896634,2014/7/22 0:00,KMB,Consumer Staples
KMB_12319,2015/4/21,79,187,56,3,46,6,0.053930709,2015/4/21 0:00,KMB,Consumer Staples
KMB_12174,2012/1/24,144,200,94,2,38,4,-0.017002248,2012/1/24 0:00,KMB,Consumer Staples
KMB_12726,2013/7/22,105,169,46,2,72,3,-0.018192818,2013/7/22 0:00,KMB,Consumer Staples
KMB_12315,2014/4/21,92,120,86,5,22,6,-0.014217222,2014/4/21 0:00,KMB,Consumer Staples
KMB_12484,2017/4/24,97,212,116,2,44,2,0.003385558,2017/4/24 0:00,KMB,Consumer Staples
KMB_12724,2014/1/24,92,207,79,1,72,6,0.018782079,2014/1/24 0:00,KMB,Consumer Staples
KMB_12481,2016/7/25,104,211,91,4,31,5,-0.015152703,2016/7/25 0:00,KMB,Consumer Staples
KMB_12482,2016/10/24,98,161,66,1,23,1,-0.04741594,2016/10/24 0:00,KMB,Consumer Staples
KMB_12597,2019/4/22,80,239,82,2,27,1,0.054229031,2019/4/22 0:00,KMB,Consumer Staples
KMB_12178,2013/1/25,82,214,84,1,49,10,-0.0036959259999999996,2013/1/25 0:00,KMB,Consumer Staples
KMB_12598,2019/7/23,73,271,92,9,45,5,0.005884169,2019/7/23 0:00,KMB,Consumer Staples
KMB_12485,2017/7/25,119,188,91,2,22,4,0.007026918,2017/7/25 0:00,KMB,Consumer Staples
KMB_12317,2014/10/21,98,162,76,4,38,6,0.029526119,2014/10/21 0:00,KMB,Consumer Staples
KMB_12483,2017/1/24,109,204,111,2,36,11,0.041118117999999995,2017/1/24 0:00,KMB,Consumer Staples
KMB_12480,2016/4/22,103,236,94,1,25,6,-0.036963968,2016/4/22 0:00,KMB,Consumer Staples
KMB_12600,2020/1/23,77,153,61,2,34,1,0.001800641,2020/1/23 0:00,KMB,Consumer Staples
KO_5741,2016/2/9,92,223,69,0,85,12,0.015240274,2016/2/9 0:00,KO,Consumer Staples
KO_5620,2016/7/27,120,168,59,2,42,4,-0.032976816,2016/7/27 0:00,KO,Consumer Staples
KO_5739,2015/7/22,91,195,43,4,39,7,-0.0070404740000000006,2015/7/22 0:00,KO,Consumer Staples
KO_5766,2017/10/25,96,202,42,4,67,4,-0.002815095,2017/10/25 0:00,KO,Consumer Staples
KO_5765,2017/7/26,65,176,44,3,57,4,0.011052166,2017/7/26 0:00,KO,Consumer Staples
KO_5618,2019/7/23,88,201,56,5,42,4,0.06071848,2019/7/23 0:00,KO,Consumer Staples
KO_5764,2017/4/26,85,174,72,8,65,9,0.003015566,2017/4/26 0:00,KO,Consumer Staples
KO_5738,2015/4/22,96,182,69,2,53,4,0.012996631000000002,2015/4/22 0:00,KO,Consumer Staples
KO_5614,2018/7/25,94,205,67,6,45,5,0.01833853,2018/7/25 0:00,KO,Consumer Staples
KO_5651,2013/2/12,73,200,45,2,64,15,-0.027195007,2013/2/12 0:00,KO,Consumer Staples
KO_5615,2018/10/30,77,197,65,3,71,9,0.025182996000000003,2018/10/30 0:00,KO,Consumer Staples
KO_5648,2012/4/17,71,240,60,0,37,8,0.020844761,2012/4/17 0:00,KO,Consumer Staples
KO_5647,2012/2/7,90,248,81,0,43,8,0.00764375,2012/2/7 0:00,KO,Consumer Staples
KO_5652,2013/4/16,56,239,40,0,87,6,0.056872007,2013/4/16 0:00,KO,Consumer Staples
KO_5740,2015/10/21,68,162,51,6,51,4,-0.0023646789999999997,2015/10/21 0:00,KO,Consumer Staples
KO_5656,2014/4/15,54,259,51,1,47,8,0.037438698,2014/4/15 0:00,KO,Consumer Staples
KO_5762,2016/10/26,76,201,44,1,45,1,-0.002350782,2016/10/26 0:00,KO,Consumer Staples
KO_5653,2013/7/16,109,261,73,0,77,8,-0.019019722,2013/7/16 0:00,KO,Consumer Staples
KO_5617,2019/4/23,78,196,63,2,38,5,0.017088556,2019/4/23 0:00,KO,Consumer Staples
KO_5742,2016/4/20,95,191,42,3,64,4,-0.047854069000000006,2016/4/20 0:00,KO,Consumer Staples
KO_5650,2012/10/16,59,217,47,1,49,8,-0.006031984000000001,2012/10/16 0:00,KO,Consumer Staples
KO_5616,2019/2/14,83,196,67,2,77,6,-0.08435430199999999,2019/2/14 0:00,KO,Consumer Staples
KO_5619,2019/10/18,66,134,42,4,37,3,0.018404868,2019/10/18 0:00,KO,Consumer Staples
KO_5654,2013/10/15,105,185,52,4,42,3,-0.006594566,2013/10/15 0:00,KO,Consumer Staples
KO_5655,2014/2/18,89,235,64,1,102,13,-0.037503187,2014/2/18 0:00,KO,Consumer Staples
KO_5737,2015/2/10,109,145,100,4,67,9,0.028377443999999998,2015/2/10 0:00,KO,Consumer Staples
KO_5763,2017/2/9,88,143,73,1,66,4,-0.018324618,2017/2/9 0:00,KO,Consumer Staples
KO_5767,2018/2/16,73,189,71,9,93,10,0.004466297,2018/2/16 0:00,KO,Consumer Staples
KR_12992,2019/6/20,59,231,46,3,52,14,-0.021573613999999998,2019/6/20 0:00,KR,Consumer Staples
KR_12854,2013/3/7,59,153,102,10,40,11,0.03031333,2013/3/7 0:00,KR,Consumer Staples
KR_13011,2017/3/2,83,161,82,2,70,12,-0.043356245999999994,2017/3/2 0:00,KR,Consumer Staples
KR_12981,2016/6/16,78,125,81,6,57,7,-0.006720746999999999,2016/6/16 0:00,KR,Consumer Staples
KR_12855,2013/6/20,71,158,91,7,44,9,-0.061201294,2013/6/20 0:00,KR,Consumer Staples
KR_12862,2015/3/5,72,193,90,2,49,12,0.06690589999999999,2015/3/5 0:00,KR,Consumer Staples
KR_12984,2017/6/15,80,194,81,5,70,11,-0.188903603,2017/6/15 0:00,KR,Consumer Staples
KR_12859,2014/6/19,79,190,73,5,71,11,0.050560596,2014/6/19 0:00,KR,Consumer Staples
KR_12857,2013/12/5,93,182,125,9,50,4,-0.035163754,2013/12/5 0:00,KR,Consumer Staples
KR_12989,2018/9/13,60,147,57,3,49,15,-0.099275123,2018/9/13 0:00,KR,Consumer Staples
KR_12990,2018/12/6,65,168,53,3,51,6,0.032122908,2018/12/6 0:00,KR,Consumer Staples
KR_12994,2019/12/5,53,238,77,6,49,10,-0.030390744,2019/12/5 0:00,KR,Consumer Staples
KR_12851,2012/6/14,78,167,70,5,58,11,0.060591778,2012/6/14 0:00,KR,Consumer Staples
KR_12853,2012/11/29,79,215,98,11,57,12,0.047486056,2012/11/29 0:00,KR,Consumer Staples
KR_12983,2016/12/1,94,131,72,3,49,14,0.032817381,2016/12/1 0:00,KR,Consumer Staples
KR_12865,2015/12/3,58,161,79,7,47,10,0.047231677,2015/12/3 0:00,KR,Consumer Staples
KR_12993,2019/9/12,48,193,53,2,58,12,0.000782185,2019/9/12 0:00,KR,Consumer Staples
KR_12987,2018/3/8,59,153,71,19,71,24,-0.12390392900000001,2018/3/8 0:00,KR,Consumer Staples
KR_12982,2016/9/10,85,164,75,5,66,18,-0.01967632,2016/9/12 0:00,KR,Consumer Staples
KR_12860,2014/9/11,88,201,84,2,43,11,0.005783675,2014/9/11 0:00,KR,Consumer Staples
KR_12988,2018/6/21,65,179,81,11,71,8,0.097402567,2018/6/21 0:00,KR,Consumer Staples
KR_12864,2015/9/11,67,202,68,10,56,10,0.053389810999999995,2015/9/11 0:00,KR,Consumer Staples
KR_12856,2013/9/12,59,188,88,9,44,3,0.025219029,2013/9/12 0:00,KR,Consumer Staples
KR_12985,2017/9/8,73,194,85,4,87,7,-0.07509885599999999,2017/9/8 0:00,KR,Consumer Staples
KR_12863,2015/6/18,69,203,80,4,42,7,0.008640752,2015/6/18 0:00,KR,Consumer Staples
KR_12991,2019/3/7,59,171,54,4,66,18,-0.099507731,2019/3/7 0:00,KR,Consumer Staples
KR_12980,2016/3/3,80,179,105,5,49,7,-0.070110755,2016/3/3 0:00,KR,Consumer Staples
KR_13414,2012/3/1,78,204,91,7,52,10,0.027322387000000004,2012/3/1 0:00,KR,Consumer Staples
MDLZ_14673,2015/4/29,93,241,75,3,38,2,0.051630477,2015/4/29 0:00,MDLZ,Consumer Staples
MDLZ_14671,2014/11/5,88,200,65,1,42,3,0.060519635,2014/11/5 0:00,MDLZ,Consumer Staples
MDLZ_15048,2018/7/25,86,223,74,3,37,8,-0.00048170699999999995,2018/7/25 0:00,MDLZ,Consumer Staples
MDLZ_14670,2014/8/6,127,172,74,2,68,5,-0.008342582,2014/8/6 0:00,MDLZ,Consumer Staples
MDLZ_14522,2013/2/13,100,201,72,3,46,8,0.002528891,2013/2/13 0:00,MDLZ,Consumer Staples
MDLZ_14524,2013/8/7,108,184,80,0,43,13,-0.018832403,2013/8/7 0:00,MDLZ,Consumer Staples
MDLZ_14525,2013/11/6,156,219,94,1,57,2,0.0,2013/11/6 0:00,MDLZ,Consumer Staples
MDLZ_14521,2012/11/7,147,177,85,8,46,8,-0.009060014,2012/11/7 0:00,MDLZ,Consumer Staples
MDLZ_14523,2013/5/7,124,209,78,5,81,18,0.008346717,2013/5/7 0:00,MDLZ,Consumer Staples
MDLZ_15044,2020/1/29,60,200,76,4,62,9,-0.005287094,2020/1/29 0:00,MDLZ,Consumer Staples
MDLZ_14962,2019/10/29,73,173,67,1,59,8,0.008013776,2019/10/29 0:00,MDLZ,Consumer Staples
MDLZ_14668,2014/2/12,115,169,86,6,65,4,-0.0021033560000000002,2014/2/12 0:00,MDLZ,Consumer Staples
MDLZ_14822,2017/5/2,87,209,64,0,36,7,-0.007262816,2017/5/2 0:00,MDLZ,Consumer Staples
MDLZ_15047,2018/10/29,62,189,54,1,53,9,0.0,2018/10/29 0:00,MDLZ,Consumer Staples
MDLZ_15046,2019/1/31,64,242,74,1,68,10,0.055923234,2019/1/31 0:00,MDLZ,Consumer Staples
MDLZ_14669,2014/5/7,124,194,55,4,75,12,0.08177164,2014/5/7 0:00,MDLZ,Consumer Staples
MDLZ_14819,2016/7/27,109,179,49,1,32,3,-0.028950307,2016/7/27 0:00,MDLZ,Consumer Staples
MDLZ_14961,2019/7/30,78,243,95,3,67,6,-0.000911397,2019/7/30 0:00,MDLZ,Consumer Staples
MDLZ_14676,2016/4/27,85,180,83,3,33,5,0.032470612999999995,2016/4/27 0:00,MDLZ,Consumer Staples
MDLZ_14674,2015/10/28,91,178,76,2,27,2,-0.00429178,2015/10/28 0:00,MDLZ,Consumer Staples
MDLZ_14820,2016/10/26,93,187,59,6,45,9,0.036482728,2016/10/26 0:00,MDLZ,Consumer Staples
MDLZ_14826,2018/5/1,85,236,71,1,28,3,-0.01291135,2018/5/1 0:00,MDLZ,Consumer Staples
MDLZ_14675,2016/2/3,118,256,75,2,45,13,-0.064839122,2016/2/3 0:00,MDLZ,Consumer Staples
MDLZ_14821,2017/2/7,112,178,73,1,34,4,-0.001817724,2017/2/7 0:00,MDLZ,Consumer Staples
MDLZ_14824,2017/10/30,100,245,78,2,35,5,-0.03392333,2017/10/30 0:00,MDLZ,Consumer Staples
MDLZ_15045,2019/4/30,70,221,75,4,51,3,0.0063328659999999995,2019/4/30 0:00,MDLZ,Consumer Staples
MDLZ_14823,2017/8/2,131,215,74,2,59,10,0.011004116000000001,2017/8/2 0:00,MDLZ,Consumer Staples
MKC_13893,2019/3/26,68,196,46,2,32,3,0.009935441,2019/3/26 0:00,MKC,Consumer Staples
MKC_14201,2015/3/24,62,154,51,0,22,3,0.026229588999999998,2015/3/24 0:00,MKC,Consumer Staples
MKC_14240,2016/6/30,82,237,83,5,40,5,0.038555147000000005,2016/6/30 0:00,MKC,Consumer Staples
MKC_13890,2018/6/28,112,241,55,1,44,6,0.084017762,2018/6/28 0:00,MKC,Consumer Staples
MKC_14194,2013/4/2,78,151,64,3,24,2,-0.001237744,2013/4/2 0:00,MKC,Consumer Staples
MKC_14080,2016/1/28,59,209,51,0,29,2,0.039177528999999996,2016/1/28 0:00,MKC,Consumer Staples
MKC_14244,2017/6/29,94,182,56,2,44,5,-0.036280914,2017/6/29 0:00,MKC,Consumer Staples
MKC_14304,2017/9/28,79,180,62,0,24,5,0.05391399400000001,2017/9/28 0:00,MKC,Consumer Staples
MKC_14243,2017/3/28,123,142,55,0,19,2,-0.028906868999999998,2017/3/28 0:00,MKC,Consumer Staples
MKC_14198,2014/3/25,64,170,49,3,23,3,0.054658491,2014/3/25 0:00,MKC,Consumer Staples
MKC_13891,2018/9/27,74,229,39,2,23,6,-0.012318161999999999,2018/9/27 0:00,MKC,Consumer Staples
MKC_14318,2016/3/29,80,197,68,10,38,7,0.02290464,2016/3/29 0:00,MKC,Consumer Staples
MKC_14310,2014/6/26,90,181,61,3,27,3,-0.012784541000000002,2014/6/26 0:00,MKC,Consumer Staples
MKC_14147,2012/3/27,96,165,63,1,17,4,0.022632983,2012/3/27 0:00,MKC,Consumer Staples
MKC_14091,2013/1/24,111,135,71,2,20,5,-0.063372843,2013/1/24 0:00,MKC,Consumer Staples
MKC_14241,2016/9/30,76,160,47,1,17,3,0.025978014,2016/9/30 0:00,MKC,Consumer Staples
MKC_14202,2015/10/1,96,193,56,1,16,6,-0.042589438,2015/10/1 0:00,MKC,Consumer Staples
MKC_14196,2013/9/26,105,207,89,5,28,4,-0.021895745,2013/9/26 0:00,MKC,Consumer Staples
MKC_14309,2015/7/1,71,199,45,2,29,2,-0.017047527,2015/7/1 0:00,MKC,Consumer Staples
MKC_14146,2012/1/26,113,172,77,5,36,4,-0.015233338,2012/1/26 0:00,MKC,Consumer Staples
MKC_14242,2017/1/25,102,183,70,0,33,4,0.018500773999999998,2017/1/25 0:00,MKC,Consumer Staples
MKC_14199,2014/10/2,77,131,68,13,25,3,0.028806575,2014/10/2 0:00,MKC,Consumer Staples
MKC_14090,2012/9/27,80,137,62,2,12,2,-0.018126879,2012/9/27 0:00,MKC,Consumer Staples
MKC_13892,2019/1/24,103,183,64,3,52,4,-0.105395694,2019/1/24 0:00,MKC,Consumer Staples
MKC_14148,2012/6/27,72,123,41,0,15,3,0.029083977999999996,2012/6/27 0:00,MKC,Consumer Staples
MKC_14200,2015/1/28,111,158,52,3,24,4,-0.014536445,2015/1/28 0:00,MKC,Consumer Staples
MKC_13894,2019/6/27,107,192,47,4,26,4,0.034787161000000004,2019/6/27 0:00,MKC,Consumer Staples
MKC_13895,2019/10/1,76,145,51,2,24,7,0.068138155,2019/10/1 0:00,MKC,Consumer Staples
MNST_15168,2014/5/8,61,90,66,33,22,10,0.014421608999999998,2014/5/8 0:00,MNST,Consumer Staples
MNST_14952,2018/8/8,54,71,57,10,27,3,-0.00652282,2018/8/8 0:00,MNST,Consumer Staples
MNST_14953,2018/11/7,47,46,66,15,19,4,0.020441667,2018/11/7 0:00,MNST,Consumer Staples
MNST_14944,2016/2/26,60,97,91,14,39,7,-0.017429135,2016/2/26 0:00,MNST,Consumer Staples
MNST_14814,2014/2/28,88,112,90,38,46,10,0.039910065,2014/2/28 0:00,MNST,Consumer Staples
MNST_14948,2017/5/4,49,66,68,8,31,4,0.022256843999999998,2017/5/4 0:00,MNST,Consumer Staples
MNST_14946,2016/11/3,53,73,62,8,22,6,-0.0282764,2016/11/3 0:00,MNST,Consumer Staples
MNST_14949,2017/8/8,67,71,57,8,28,5,-0.004539395999999999,2017/8/8 0:00,MNST,Consumer Staples
MNST_14646,2012/8/8,68,52,63,7,35,8,-0.015829193999999998,2012/8/8 0:00,MNST,Consumer Staples
MNST_15148,2014/8/7,57,92,73,25,35,9,-0.014233805,2014/8/7 0:00,MNST,Consumer Staples
MNST_14943,2015/11/5,64,83,77,7,37,4,-0.004366797,2015/11/5 0:00,MNST,Consumer Staples
MNST_14811,2013/5/8,113,86,95,49,36,14,-0.003149578,2013/5/8 0:00,MNST,Consumer Staples
MNST_15090,2015/2/26,57,68,49,13,32,6,0.007674355,2015/2/26 0:00,MNST,Consumer Staples
MNST_15149,2015/5/7,56,81,88,13,45,8,0.021426552,2015/5/7 0:00,MNST,Consumer Staples
MNST_14950,2017/11/8,57,75,49,8,22,4,0.0013812470000000002,2017/11/8 0:00,MNST,Consumer Staples
MNST_15151,2019/5/2,51,73,64,24,35,6,0.000863014,2019/5/2 0:00,MNST,Consumer Staples
MNST_15055,2018/2/28,48,64,52,10,19,4,-0.012466873,2018/2/28 0:00,MNST,Consumer Staples
MNST_14947,2017/3/1,60,69,57,11,27,3,0.013754819,2017/3/1 0:00,MNST,Consumer Staples
MNST_15091,2014/11/6,63,70,61,30,36,5,0.013209577,2014/11/6 0:00,MNST,Consumer Staples
MNST_14945,2016/4/29,60,89,75,18,39,11,0.128128886,2016/4/29 0:00,MNST,Consumer Staples
MNST_14954,2019/2/27,57,77,62,17,32,8,0.0,2019/2/27 0:00,MNST,Consumer Staples
MNST_14942,2015/8/6,71,94,75,11,29,4,-0.059285673,2015/8/6 0:00,MNST,Consumer Staples
MNST_14810,2013/2/27,92,99,90,24,35,8,0.013687437,2013/2/27 0:00,MNST,Consumer Staples
MNST_15056,2016/8/5,70,89,74,10,33,4,0.024780835,2016/8/5 0:00,MNST,Consumer Staples
MNST_14647,2012/11/8,94,84,66,22,27,11,-0.012675088999999999,2012/11/8 0:00,MNST,Consumer Staples
MNST_14951,2018/5/8,49,61,50,12,24,2,-0.004314379,2018/5/8 0:00,MNST,Consumer Staples
MNST_14813,2013/11/7,73,78,68,39,31,10,-0.012450273000000001,2013/11/7 0:00,MNST,Consumer Staples
MO_1011,2012/7/24,93,116,55,6,19,3,0.0022541,2012/7/24 0:00,MO,Consumer Staples
MO_1147,2013/10/24,67,95,46,14,38,6,-0.011544859,2013/10/24 0:00,MO,Consumer Staples
MO_1330,2017/7/27,91,78,74,16,20,6,0.031088743999999998,2017/7/27 0:00,MO,Consumer Staples
MO_1015,2013/7/23,79,102,62,12,32,5,-0.024132304,2013/7/23 0:00,MO,Consumer Staples
MO_1475,2018/4/26,96,129,89,8,27,13,-0.019161886,2018/4/26 0:00,MO,Consumer Staples
MO_1326,2016/7/27,107,108,79,20,34,6,-0.017370827,2016/7/27 0:00,MO,Consumer Staples
MO_1476,2018/7/26,106,131,82,13,29,6,-0.030250648999999998,2018/7/26 0:00,MO,Consumer Staples
MO_1331,2017/10/26,79,81,64,9,17,5,0.031352876,2017/10/26 0:00,MO,Consumer Staples
MO_1151,2014/10/30,70,122,54,2,37,2,-0.001471509,2014/10/30 0:00,MO,Consumer Staples
MO_1148,2014/1/30,73,153,66,9,42,5,-0.029645946,2014/1/30 0:00,MO,Consumer Staples
MO_1328,2017/2/1,87,142,68,15,30,8,0.0029502540000000002,2017/2/1 0:00,MO,Consumer Staples
MO_1013,2013/1/31,84,134,55,4,34,6,-0.000593485,2013/1/31 0:00,MO,Consumer Staples
MO_1009,2012/1/27,123,125,78,20,33,6,-0.01814377,2012/1/27 0:00,MO,Consumer Staples
MO_1153,2015/4/23,74,107,55,1,34,2,0.004412885,2015/4/23 0:00,MO,Consumer Staples
MO_1152,2015/1/30,67,147,47,2,36,1,-0.023717612000000002,2015/1/30 0:00,MO,Consumer Staples
MO_1478,2019/1/31,147,167,110,19,40,15,0.032426763,2019/1/31 0:00,MO,Consumer Staples
MO_1332,2018/2/1,105,140,75,11,28,7,-0.005828775,2018/2/1 0:00,MO,Consumer Staples
MO_1479,2019/4/25,145,154,124,17,44,15,-0.060318027999999996,2019/4/25 0:00,MO,Consumer Staples
MO_1481,2019/10/31,133,173,156,19,42,13,-0.02545688,2019/10/31 0:00,MO,Consumer Staples
MO_1014,2013/4/25,86,82,53,15,29,1,0.01153954,2013/4/25 0:00,MO,Consumer Staples
MO_1325,2016/4/29,59,98,45,15,9,4,0.00836148,2016/4/29 0:00,MO,Consumer Staples
MO_1327,2016/10/27,82,107,76,12,32,6,-0.00139486,2016/10/27 0:00,MO,Consumer Staples
MO_1323,2015/10/29,62,108,51,3,15,2,0.0014648460000000001,2015/10/29 0:00,MO,Consumer Staples
MO_1480,2019/7/30,139,199,115,24,38,10,-0.035976969,2019/7/30 0:00,MO,Consumer Staples
MO_1010,2012/4/26,92,113,55,5,36,2,0.00757336,2012/4/26 0:00,MO,Consumer Staples
MO_1477,2018/10/25,95,139,95,11,24,8,0.013641445,2018/10/25 0:00,MO,Consumer Staples
MO_1012,2012/10/25,108,134,61,4,46,9,-0.0009337880000000001,2012/10/25 0:00,MO,Consumer Staples
MO_1149,2014/4/24,80,112,41,2,11,3,0.00234926,2014/4/24 0:00,MO,Consumer Staples
MO_1329,2017/5/2,90,96,48,7,16,3,0.00042371199999999997,2017/5/2 0:00,MO,Consumer Staples
PEP_16870,2015/7/9,74,208,63,2,36,5,-0.010668385,2015/7/9 0:00,PEP,Consumer Staples
PEP_16781,2013/4/18,65,170,55,2,26,3,0.03043756,2013/4/18 0:00,PEP,Consumer Staples
PEP_16981,2018/2/13,98,242,67,2,42,8,0.001876164,2018/2/13 0:00,PEP,Consumer Staples
PEP_17003,2020/2/13,49,225,58,0,28,7,,,PEP,Consumer Staples
PEP_16977,2016/9/29,54,141,54,2,20,5,0.00353888,2016/9/29 0:00,PEP,Consumer Staples
PEP_16865,2014/4/17,71,157,71,0,29,5,0.009201444,2014/4/17 0:00,PEP,Consumer Staples
PEP_16868,2015/2/11,83,130,67,1,29,6,0.024594384,2015/2/11 0:00,PEP,Consumer Staples
PEP_16782,2013/7/24,45,131,41,0,25,1,-0.0064964919999999995,2013/7/24 0:00,PEP,Consumer Staples
PEP_16998,2017/2/15,74,154,62,3,28,5,-0.001776981,2017/2/15 0:00,PEP,Consumer Staples
PEP_16778,2012/7/25,77,264,54,0,30,4,0.021950896,2012/7/25 0:00,PEP,Consumer Staples
PEP_16872,2016/2/11,87,168,50,2,28,4,-0.00737555,2016/2/11 0:00,PEP,Consumer Staples
PEP_16980,2017/10/4,108,218,84,4,47,2,0.0019243020000000001,2017/10/4 0:00,PEP,Consumer Staples
PEP_16776,2012/2/9,176,372,134,6,127,15,-0.037009309,2012/2/9 0:00,PEP,Consumer Staples
PEP_16864,2014/2/13,81,175,48,2,36,11,-0.022088543999999998,2014/2/13 0:00,PEP,Consumer Staples
PEP_16867,2014/10/9,83,178,44,1,30,4,-0.003938713,2014/10/9 0:00,PEP,Consumer Staples
PEP_16779,2012/10/17,89,197,43,1,21,2,-0.002845015,2012/10/17 0:00,PEP,Consumer Staples
PEP_16869,2015/4/23,90,118,66,1,27,7,-0.015933341,2015/4/23 0:00,PEP,Consumer Staples
PEP_16780,2013/2/14,57,193,49,3,26,4,0.010909074,2013/2/14 0:00,PEP,Consumer Staples
PEP_16783,2013/10/16,99,192,80,0,37,3,0.020719581,2013/10/16 0:00,PEP,Consumer Staples
PEP_16873,2016/4/18,71,155,74,1,33,3,-0.00048179099999999997,2016/4/18 0:00,PEP,Consumer Staples
PEP_16997,2018/4/26,96,193,84,3,54,2,0.020860114,2018/4/26 0:00,PEP,Consumer Staples
PEP_16982,2018/7/10,74,231,63,3,42,7,0.047605764,2018/7/10 0:00,PEP,Consumer Staples
PEP_16976,2016/7/7,58,155,47,4,21,4,0.014822505,2016/7/7 0:00,PEP,Consumer Staples
PEP_16871,2015/10/6,73,128,60,1,31,2,0.013151051,2015/10/6 0:00,PEP,Consumer Staples
PEP_16983,2018/10/2,82,206,71,4,42,2,-0.01797487,2018/10/2 0:00,PEP,Consumer Staples
PEP_16866,2014/7/23,66,170,57,2,30,6,0.018503999,2014/7/23 0:00,PEP,Consumer Staples
PEP_16987,2019/10/3,57,224,42,0,39,1,0.029789385,2019/10/3 0:00,PEP,Consumer Staples
PEP_16985,2019/4/17,70,241,45,2,26,2,0.037578616,2019/4/17 0:00,PEP,Consumer Staples
PEP_16978,2017/4/26,67,125,56,3,14,5,-0.007270513,2017/4/26 0:00,PEP,Consumer Staples
PG_17489,2014/10/24,130,294,58,3,84,21,0.023188757,2014/10/24 0:00,PG,Consumer Staples
PG_17519,2016/10/25,99,199,58,3,41,8,0.034126074,2016/10/25 0:00,PG,Consumer Staples
PG_17520,2017/1/20,137,228,81,9,50,14,0.032467534,2017/1/20 0:00,PG,Consumer Staples
PG_17639,2019/7/30,123,331,78,3,47,19,0.038017273,2019/7/30 0:00,PG,Consumer Staples
PG_17677,2016/1/26,147,205,89,6,66,15,0.025504218,2016/1/26 0:00,PG,Consumer Staples
PG_17487,2014/4/23,116,258,77,3,87,11,-0.010953838999999998,2014/4/23 0:00,PG,Consumer Staples
PG_17516,2016/4/26,123,241,61,6,72,16,-0.022847323,2016/4/26 0:00,PG,Consumer Staples
PG_17488,2014/8/1,128,277,68,8,135,7,0.03013453,2014/8/1 0:00,PG,Consumer Staples
PG_17539,2018/1/23,102,204,58,6,55,11,-0.030906479,2018/1/23 0:00,PG,Consumer Staples
PG_17451,2013/8/1,97,263,68,5,87,23,0.016687376,2013/8/1 0:00,PG,Consumer Staples
PG_17637,2020/1/23,94,192,46,3,52,12,-0.010450477,2020/1/23 0:00,PG,Consumer Staples
PG_17479,2013/4/24,97,337,87,5,46,13,-0.065665109,2013/4/24 0:00,PG,Consumer Staples
PG_17478,2013/1/25,78,244,73,2,61,5,0.040187474,2013/1/25 0:00,PG,Consumer Staples
PG_17429,2017/10/20,77,208,51,3,33,3,-0.036466825,2017/10/20 0:00,PG,Consumer Staples
PG_17476,2012/8/3,123,298,92,5,88,22,0.031333676,2012/8/3 0:00,PG,Consumer Staples
PG_17541,2018/7/31,118,367,121,9,65,19,0.008478807,2018/7/31 0:00,PG,Consumer Staples
PG_17425,2019/1/23,129,218,68,2,46,5,0.048650970999999994,2019/1/23 0:00,PG,Consumer Staples
PG_17540,2018/4/19,157,338,87,11,100,13,-0.041560104,2018/4/19 0:00,PG,Consumer Staples
PG_17640,2019/4/23,95,207,70,1,42,7,-0.026884241,2019/4/23 0:00,PG,Consumer Staples
PG_17452,2013/10/25,85,170,49,2,57,8,-0.007567307,2013/10/25 0:00,PG,Consumer Staples
PG_17490,2015/1/27,125,227,64,7,77,12,-0.03449435,2015/1/27 0:00,PG,Consumer Staples
PG_17477,2012/10/25,103,234,58,1,47,8,0.029230285,2012/10/25 0:00,PG,Consumer Staples
PG_17440,2015/10/23,135,216,88,2,78,8,0.029124921,2015/10/23 0:00,PG,Consumer Staples
PG_17474,2012/1/27,165,210,93,6,57,10,-0.007716049,2012/1/27 0:00,PG,Consumer Staples
PG_17424,2018/10/19,117,187,69,2,41,5,0.087986109,2018/10/19 0:00,PG,Consumer Staples
PG_17475,2012/4/27,192,269,73,11,59,13,-0.036339169,2012/4/27 0:00,PG,Consumer Staples
PG_17486,2014/1/24,94,257,67,4,50,14,0.012014346,2014/1/24 0:00,PG,Consumer Staples
PG_17491,2015/4/23,104,258,63,3,70,6,-0.025755199,2015/4/23 0:00,PG,Consumer Staples
PG_17518,2016/9/8,40,157,25,2,40,10,-0.0019328960000000001,2016/9/8 0:00,PG,Consumer Staples
PG_17638,2019/10/22,90,199,62,1,34,7,0.026032906,2019/10/22 0:00,PG,Consumer Staples
PM_17405,2017/4/20,118,111,72,3,40,8,-0.034500922999999996,2017/4/20 0:00,PM,Consumer Staples
PM_17194,2012/10/18,179,141,86,48,50,20,-0.041916152000000005,2012/10/18 0:00,PM,Consumer Staples
PM_17411,2015/10/15,118,212,120,18,83,16,0.018820978999999998,2015/10/15 0:00,PM,Consumer Staples
PM_17293,2016/7/19,96,102,73,0,32,4,-0.030194181,2016/7/19 0:00,PM,Consumer Staples
PM_17364,2019/10/17,108,154,119,11,37,8,0.009481669,2019/10/17 0:00,PM,Consumer Staples
PM_17244,2016/2/4,111,152,70,3,52,2,-0.007684625,2016/2/4 0:00,PM,Consumer Staples
PM_17359,2018/7/19,99,229,128,9,73,9,-0.015216068000000001,2018/7/19 0:00,PM,Consumer Staples
PM_17243,2015/7/16,123,163,109,23,70,14,0.031692304,2015/7/16 0:00,PM,Consumer Staples
PM_17294,2016/10/18,67,75,73,3,50,12,0.010993565,2016/10/18 0:00,PM,Consumer Staples
PM_17360,2018/10/18,67,147,86,7,39,13,0.035004721,2018/10/18 0:00,PM,Consumer Staples
PM_17361,2019/2/8,96,168,101,4,67,8,0.042356312,2019/2/8 0:00,PM,Consumer Staples
PM_17242,2015/4/16,65,137,59,4,23,2,0.08741843199999999,2015/4/16 0:00,PM,Consumer Staples
PM_17362,2019/4/18,73,156,91,7,23,7,-0.01158172,2019/4/18 0:00,PM,Consumer Staples
PM_17296,2017/10/19,109,131,105,11,97,20,-0.038752116,2017/10/19 0:00,PM,Consumer Staples
PM_17087,2014/7/17,141,131,91,2,51,10,-0.001770884,2014/7/17 0:00,PM,Consumer Staples
PM_17365,2020/2/6,110,176,87,6,51,13,,,PM,Consumer Staples
PM_17098,2012/7/19,192,173,95,14,48,3,0.0015658129999999999,2012/7/19 0:00,PM,Consumer Staples
PM_17195,2013/2/7,141,178,96,20,74,12,0.024290081,2013/2/7 0:00,PM,Consumer Staples
PM_17196,2013/4/18,165,165,64,8,49,10,-0.02498935,2013/4/18 0:00,PM,Consumer Staples
PM_17199,2014/2/6,142,163,85,2,74,14,0.015734708,2014/2/6 0:00,PM,Consumer Staples
PM_17145,2012/2/9,102,142,71,16,57,8,0.027991787,2012/2/9 0:00,PM,Consumer Staples
PM_17295,2017/7/20,119,168,95,3,67,18,-0.014471321,2017/7/20 0:00,PM,Consumer Staples
PM_17406,2017/2/2,105,104,101,13,67,17,0.030119849,2017/2/2 0:00,PM,Consumer Staples
PM_17200,2014/4/17,141,132,60,2,40,6,-0.019341896,2014/4/17 0:00,PM,Consumer Staples
PM_17241,2015/2/5,134,168,89,9,90,8,0.005969759,2015/2/5 0:00,PM,Consumer Staples
PM_17363,2019/7/18,70,163,91,4,41,7,0.08217144700000001,2019/7/18 0:00,PM,Consumer Staples
PM_17097,2012/4/19,148,169,58,20,50,5,-0.011283313,2012/4/19 0:00,PM,Consumer Staples
PM_17088,2014/10/16,129,156,117,20,60,12,0.020100506,2014/10/16 0:00,PM,Consumer Staples
PM_17198,2013/10/17,181,154,95,22,61,20,0.009292637,2013/10/17 0:00,PM,Consumer Staples
STZ_5991,2015/10/7,105,200,81,3,66,9,0.024748704,2015/10/7 0:00,STZ,Consumer Staples
STZ_5994,2016/6/30,81,141,70,4,30,2,0.037706221,2016/6/30 0:00,STZ,Consumer Staples
STZ_6045,2018/1/5,90,153,63,22,63,5,-0.026174713999999998,2018/1/5 0:00,STZ,Consumer Staples
STZ_5938,2013/7/2,119,156,80,5,41,5,-0.035747911,2013/7/2 0:00,STZ,Consumer Staples
STZ_6050,2019/4/4,100,196,58,6,53,7,0.065446015,2019/4/4 0:00,STZ,Consumer Staples
STZ_5936,2013/1/9,65,128,53,6,39,4,-0.00665562,2013/1/9 0:00,STZ,Consumer Staples
STZ_5940,2014/1/8,70,224,68,4,33,9,0.095524099,2014/1/8 0:00,STZ,Consumer Staples
STZ_6043,2017/6/29,93,175,61,3,34,10,0.049597130999999996,2017/6/29 0:00,STZ,Consumer Staples
STZ_6049,2019/1/9,95,204,94,11,79,12,-0.124173113,2019/1/9 0:00,STZ,Consumer Staples
STZ_6051,2019/6/28,117,217,75,4,57,10,0.046384334000000006,2019/6/28 0:00,STZ,Consumer Staples
STZ_5995,2016/10/5,63,183,68,4,47,2,0.016581248,2016/10/5 0:00,STZ,Consumer Staples
STZ_6046,2018/3/29,99,274,106,10,59,11,0.033697639,2018/3/29 0:00,STZ,Consumer Staples
STZ_5935,2012/10/5,68,174,69,4,45,6,0.042626713,2012/10/5 0:00,STZ,Consumer Staples
STZ_5989,2015/4/9,104,258,92,2,66,12,0.007468318000000001,2015/4/9 0:00,STZ,Consumer Staples
STZ_5933,2012/4/5,73,203,88,11,68,10,-0.124746855,2012/4/5 0:00,STZ,Consumer Staples
STZ_5996,2017/1/5,92,193,130,20,68,13,-0.07114377599999999,2017/1/5 0:00,STZ,Consumer Staples
STZ_6052,2019/10/3,84,170,54,6,48,9,-0.060592868,2019/10/3 0:00,STZ,Consumer Staples
STZ_5939,2013/10/3,87,133,75,2,36,13,0.032440839,2013/10/3 0:00,STZ,Consumer Staples
STZ_5993,2016/4/6,86,275,82,3,55,15,0.059328724000000006,2016/4/6 0:00,STZ,Consumer Staples
STZ_5990,2015/7/1,70,173,69,4,36,4,-0.000172355,2015/7/1 0:00,STZ,Consumer Staples
STZ_5997,2017/4/6,129,254,104,2,49,16,0.064250377,2017/4/6 0:00,STZ,Consumer Staples
STZ_6048,2018/10/4,87,231,112,33,58,7,0.053805333,2018/10/4 0:00,STZ,Consumer Staples
STZ_6053,2020/1/8,113,243,84,4,64,10,0.036437837,2020/1/8 0:00,STZ,Consumer Staples
STZ_5986,2014/7/2,101,162,81,2,50,3,0.023421586,2014/7/2 0:00,STZ,Consumer Staples
STZ_5932,2012/1/5,96,146,63,3,30,6,-0.03473586,2012/1/5 0:00,STZ,Consumer Staples
STZ_5934,2012/6/29,75,178,90,18,62,10,0.243566139,2012/6/29 0:00,STZ,Consumer Staples
STZ_6047,2018/6/29,84,200,71,12,54,7,-0.057934862999999996,2018/6/29 0:00,STZ,Consumer Staples
STZ_5987,2014/10/2,79,169,87,6,78,13,-0.0100868,2014/10/2 0:00,STZ,Consumer Staples
STZ_5988,2015/1/8,118,182,87,9,70,4,0.044541448,2015/1/8 0:00,STZ,Consumer Staples
SYY_20084,2018/2/5,76,180,100,11,31,1,-0.060477292,2018/2/5 0:00,SYY,Consumer Staples
SYY_19923,2016/5/2,73,208,81,12,31,8,0.055133512999999995,2016/5/2 0:00,SYY,Consumer Staples
SYY_19856,2013/5/6,99,199,89,5,49,4,-0.009521005,2013/5/6 0:00,SYY,Consumer Staples
SYY_19862,2015/2/2,125,179,116,12,72,9,-0.018891956,2015/2/2 0:00,SYY,Consumer Staples
SYY_19729,2016/2/1,83,242,87,4,30,5,0.083898519,2016/2/1 0:00,SYY,Consumer Staples
SYY_19858,2014/2/3,97,179,87,11,67,10,-0.016248673999999998,2014/2/3 0:00,SYY,Consumer Staples
SYY_19929,2017/11/6,100,210,88,3,34,6,-0.043946375999999995,2017/11/6 0:00,SYY,Consumer Staples
SYY_20011,2018/8/13,73,198,97,9,30,7,0.06235392,2018/8/13 0:00,SYY,Consumer Staples
SYY_19857,2013/8/12,141,245,131,9,52,10,-0.057697708,2013/8/12 0:00,SYY,Consumer Staples
SYY_19924,2016/8/15,78,263,87,4,47,9,-0.000574579,2016/8/15 0:00,SYY,Consumer Staples
SYY_19928,2017/8/14,66,234,87,9,65,5,-0.009499838,2017/8/14 0:00,SYY,Consumer Staples
SYY_19863,2015/5/4,102,192,87,21,44,5,-0.013186267,2015/5/4 0:00,SYY,Consumer Staples
SYY_19859,2014/5/5,78,201,84,5,32,3,0.027064335,2014/5/5 0:00,SYY,Consumer Staples
SYY_19864,2015/8/10,73,204,90,14,48,14,0.017871645,2015/8/10 0:00,SYY,Consumer Staples
SYY_19925,2016/11/7,72,184,92,6,34,4,0.098251401,2016/11/7 0:00,SYY,Consumer Staples
SYY_20015,2019/8/12,95,180,79,4,19,2,0.031433128,2019/8/12 0:00,SYY,Consumer Staples
SYY_19854,2012/11/5,68,197,96,9,30,3,-0.017868521000000002,2012/11/5 0:00,SYY,Consumer Staples
SYY_20012,2018/11/5,114,140,99,11,32,6,-0.09440318800000001,2018/11/5 0:00,SYY,Consumer Staples
SYY_19927,2017/5/8,83,247,90,3,34,7,-0.0074127609999999995,2017/5/8 0:00,SYY,Consumer Staples
SYY_20014,2019/5/6,87,172,79,8,27,7,0.034458316,2019/5/6 0:00,SYY,Consumer Staples
SYY_19723,2018/5/7,80,191,104,10,32,7,0.019104168,2018/5/7 0:00,SYY,Consumer Staples
SYY_20013,2019/2/4,76,181,82,8,34,5,0.04829321599999999,2019/2/4 0:00,SYY,Consumer Staples
SYY_19852,2012/5/7,69,160,116,9,52,2,0.013978541,2012/5/7 0:00,SYY,Consumer Staples
SYY_20016,2019/11/4,66,161,97,4,23,4,-0.005782495,2019/11/4 0:00,SYY,Consumer Staples
SYY_20017,2020/2/3,104,201,83,4,88,8,,,SYY,Consumer Staples
SYY_19853,2012/8/13,95,153,93,7,46,8,0.045076255999999995,2012/8/13 0:00,SYY,Consumer Staples
SYY_19855,2013/2/4,127,176,91,7,58,3,-0.026799645,2013/2/4 0:00,SYY,Consumer Staples
SYY_20132,2015/11/2,83,146,91,4,18,6,-0.0050908870000000005,2015/11/2 0:00,SYY,Consumer Staples
SYY_19860,2014/8/11,78,171,88,6,41,3,0.032258014,2014/8/11 0:00,SYY,Consumer Staples
TAP_14829,2015/5/7,82,113,47,10,41,4,0.006800871,2015/5/7 0:00,TAP,Consumer Staples
TAP_14967,2019/5/1,87,179,59,17,50,23,-0.075401212,2019/5/1 0:00,TAP,Consumer Staples
TAP_14681,2013/5/7,78,150,60,3,37,6,-0.004904846,2013/5/7 0:00,TAP,Consumer Staples
TAP_14684,2013/11/6,68,63,45,10,27,8,0.012590266999999999,2013/11/6 0:00,TAP,Consumer Staples
TAP_14838,2017/8/2,114,210,77,8,77,9,0.029599722999999998,2017/8/2 0:00,TAP,Consumer Staples
TAP_14970,2020/2/12,54,165,53,3,51,2,,,TAP,Consumer Staples
TAP_14686,2014/2/13,84,161,65,10,59,6,0.026930327,2014/2/13 0:00,TAP,Consumer Staples
TAP_14834,2016/8/2,76,162,65,8,51,9,-0.0005949190000000001,2016/8/2 0:00,TAP,Consumer Staples
TAP_14679,2013/2/14,57,81,33,5,33,4,-0.014567408,2013/2/14 0:00,TAP,Consumer Staples
TAP_14832,2016/2/15,42,51,49,7,31,1,0.006180227,2016/2/16 0:00,TAP,Consumer Staples
TAP_14969,2019/10/30,106,179,53,6,72,14,-0.03090142,2019/10/30 0:00,TAP,Consumer Staples
TAP_15043,2019/2/12,124,243,75,12,44,20,-0.094400274,2019/2/12 0:00,TAP,Consumer Staples
TAP_14968,2019/7/31,95,200,43,10,49,11,-0.051475695,2019/7/31 0:00,TAP,Consumer Staples
TAP_14964,2018/5/2,129,184,67,6,75,14,-0.154017869,2018/5/2 0:00,TAP,Consumer Staples
TAP_14837,2017/5/6,139,212,82,11,61,5,0.008698427,2017/5/8 0:00,TAP,Consumer Staples
TAP_14539,2012/2/16,75,145,77,11,53,4,0.028271725,2012/2/16 0:00,TAP,Consumer Staples
TAP_14677,2012/8/7,77,116,52,3,41,1,0.014177658000000001,2012/8/7 0:00,TAP,Consumer Staples
TAP_14833,2016/5/3,92,166,76,18,50,9,0.015914033,2016/5/3 0:00,TAP,Consumer Staples
TAP_14835,2016/11/1,80,179,74,9,96,14,0.014449475,2016/11/1 0:00,TAP,Consumer Staples
TAP_14839,2017/11/1,106,172,56,5,48,6,0.002102117,2017/11/1 0:00,TAP,Consumer Staples
TAP_14831,2015/11/5,120,129,73,21,51,18,0.00457563,2015/11/5 0:00,TAP,Consumer Staples
TAP_14965,2018/8/1,138,199,66,18,50,8,0.034776147,2018/8/1 0:00,TAP,Consumer Staples
TAP_14678,2012/11/7,89,91,41,2,30,2,-0.037037089,2012/11/7 0:00,TAP,Consumer Staples
TAP_14830,2015/8/6,125,129,51,22,35,0,0.047578445,2015/8/6 0:00,TAP,Consumer Staples
TAP_14836,2017/2/14,88,179,70,14,82,12,0.034196039,2017/2/14 0:00,TAP,Consumer Staples
TAP_14827,2014/11/6,99,123,46,11,39,15,0.038969785,2014/11/6 0:00,TAP,Consumer Staples
TAP_14966,2018/10/31,111,200,77,5,78,30,0.099467463,2018/10/31 0:00,TAP,Consumer Staples
TAP_14963,2018/2/14,103,239,70,8,63,6,0.062747691,2018/2/14 0:00,TAP,Consumer Staples
TAP_15098,2013/8/6,34,30,24,1,12,1,0.06349833,2013/8/6 0:00,TAP,Consumer Staples
TAP_14540,2012/5/8,71,118,61,9,36,3,-0.014510005,2012/5/8 0:00,TAP,Consumer Staples
TSN_20765,2017/11/13,73,196,81,9,52,5,0.019557553000000002,2017/11/13 0:00,TSN,Consumer Staples
TSN_20596,2012/8/6,167,158,145,7,85,8,-0.079870102,2012/8/6 0:00,TSN,Consumer Staples
TSN_20642,2013/8/5,84,183,95,11,47,10,0.041388997000000004,2013/8/5 0:00,TSN,Consumer Staples
TSN_20880,2018/11/13,100,115,93,5,27,10,-0.055835130999999996,2018/11/13 0:00,TSN,Consumer Staples
TSN_20882,2019/5/6,79,139,95,16,51,7,0.026102102000000002,2019/5/6 0:00,TSN,Consumer Staples
TSN_20648,2015/8/3,99,198,91,4,38,8,-0.09898533300000001,2015/8/3 0:00,TSN,Consumer Staples
TSN_20884,2019/11/12,76,189,105,9,35,4,0.074338132,2019/11/12 0:00,TSN,Consumer Staples
TSN_20597,2012/11/19,83,184,92,9,48,15,0.10900475400000001,2012/11/19 0:00,TSN,Consumer Staples
TSN_20883,2019/8/5,93,153,111,2,48,10,0.051028079000000004,2019/8/5 0:00,TSN,Consumer Staples
TSN_20763,2017/5/8,89,178,79,4,57,9,-0.060792708,2017/5/8 0:00,TSN,Consumer Staples
TSN_20946,2014/5/5,59,142,54,5,25,2,-0.09871049800000001,2014/5/5 0:00,TSN,Consumer Staples
TSN_20643,2013/11/18,72,183,91,3,59,5,0.022592965,2013/11/18 0:00,TSN,Consumer Staples
TSN_20595,2012/5/7,104,175,92,1,51,3,0.032705001000000004,2012/5/7 0:00,TSN,Consumer Staples
TSN_20644,2014/1/31,105,164,79,5,55,5,0.08437227300000001,2014/1/31 0:00,TSN,Consumer Staples
TSN_20645,2014/7/28,85,159,63,4,44,6,0.025796673,2014/7/28 0:00,TSN,Consumer Staples
TSN_20646,2014/11/17,100,222,79,3,78,6,0.058288217999999996,2014/11/17 0:00,TSN,Consumer Staples
TSN_20879,2018/8/6,122,165,94,5,66,8,0.032727262,2018/8/6 0:00,TSN,Consumer Staples
TSN_20647,2015/5/4,82,236,101,4,47,3,0.014818435,2015/5/4 0:00,TSN,Consumer Staples
TSN_20542,2013/2/1,99,173,124,5,65,7,0.030741337,2013/2/1 0:00,TSN,Consumer Staples
TSN_20766,2018/2/8,89,219,70,6,76,7,0.007358966,2018/2/8 0:00,TSN,Consumer Staples
TSN_20543,2013/5/6,131,176,103,5,65,9,-0.033293218,2013/5/6 0:00,TSN,Consumer Staples
TSN_20650,2016/2/5,90,202,60,4,35,5,0.09913373699999999,2016/2/5 0:00,TSN,Consumer Staples
TSN_20649,2015/11/24,101,143,90,10,38,11,0.020794344,2015/11/24 0:00,TSN,Consumer Staples
TSN_20881,2019/2/7,66,156,85,6,52,9,-0.012807923999999998,2019/2/7 0:00,TSN,Consumer Staples
TSN_20878,2018/5/7,114,193,96,4,83,9,0.003733015,2018/5/7 0:00,TSN,Consumer Staples
TSN_20594,2012/2/3,130,210,107,4,62,7,0.040816235,2012/2/3 0:00,TSN,Consumer Staples
TSN_20934,2017/2/6,63,158,73,5,58,11,-0.034561834,2017/2/6 0:00,TSN,Consumer Staples
TSN_20885,2020/2/6,98,140,85,4,42,9,,,TSN,Consumer Staples
TSN_20762,2016/11/21,71,157,62,6,62,9,-0.144893142,2016/11/21 0:00,TSN,Consumer Staples
WBA_22257,2018/12/20,75,174,56,11,95,5,-0.050211492,2018/12/20 0:00,WBA,Consumer Staples
WBA_22438,2015/7/9,76,200,69,6,82,11,0.042369912999999995,2015/7/9 0:00,WBA,Consumer Staples
WBA_22268,2016/7/6,68,184,70,24,89,5,-0.023587089,2016/7/6 0:00,WBA,Consumer Staples
WBA_22439,2019/6/27,93,148,71,16,60,8,0.040855276,2019/6/27 0:00,WBA,Consumer Staples
WBA_22258,2019/4/2,137,227,113,17,113,19,-0.128051675,2019/4/2 0:00,WBA,Consumer Staples
WBA_22254,2018/3/28,43,190,70,17,55,11,0.024711905,2018/3/28 0:00,WBA,Consumer Staples
WBA_22267,2016/4/5,90,194,116,26,78,15,-0.034179087000000004,2016/4/5 0:00,WBA,Consumer Staples
WBA_22445,2020/1/8,96,211,89,24,83,5,-0.058357211,2020/1/8 0:00,WBA,Consumer Staples
WBA_22266,2016/1/8,74,259,105,14,93,16,-0.0014783189999999999,2016/1/8 0:00,WBA,Consumer Staples
WBA_22253,2018/1/4,67,164,66,21,62,9,-0.051781268,2018/1/4 0:00,WBA,Consumer Staples
WBA_22259,2019/10/28,85,155,73,13,48,6,0.00685675,2019/10/28 0:00,WBA,Consumer Staples
WBA_22271,2017/4/5,66,211,80,18,90,13,-0.016121233999999998,2017/4/5 0:00,WBA,Consumer Staples
WBA_22270,2017/1/5,67,152,93,14,87,11,0.0006025000000000001,2017/1/5 0:00,WBA,Consumer Staples
WBA_22429,2017/10/25,103,338,94,11,99,9,0.030762367000000002,2017/10/25 0:00,WBA,Consumer Staples
WBA_22272,2017/6/29,106,258,107,13,112,10,0.016604053,2017/6/29 0:00,WBA,Consumer Staples
WBA_22256,2018/10/11,69,221,79,21,72,5,-0.019499323,2018/10/11 0:00,WBA,Consumer Staples
WMT_21785,2013/8/15,99,387,74,17,58,13,-0.026047092,2013/8/15 0:00,WMT,Consumer Staples
WMT_21659,2018/5/17,101,125,61,5,34,1,-0.019040978,2018/5/17 0:00,WMT,Consumer Staples
WMT_21666,2014/11/13,83,279,74,23,71,12,0.047222293,2014/11/13 0:00,WMT,Consumer Staples
WMT_21941,2018/2/20,117,235,80,7,56,3,-0.101832394,2018/2/20 0:00,WMT,Consumer Staples
WMT_21865,2016/8/18,30,155,31,4,21,6,0.018785173999999998,2016/8/18 0:00,WMT,Consumer Staples
WMT_21861,2015/11/17,75,258,57,16,61,6,0.035424214,2015/11/17 0:00,WMT,Consumer Staples
WMT_21662,2017/5/18,38,100,33,11,16,3,0.032215097000000005,2017/5/18 0:00,WMT,Consumer Staples
WMT_21783,2012/11/15,59,289,88,18,106,7,-0.036320242,2012/11/15 0:00,WMT,Consumer Staples
WMT_21863,2016/3/9,16,143,17,1,49,1,-0.0074956219999999995,2016/3/9 0:00,WMT,Consumer Staples
WMT_21866,2016/11/17,30,160,37,10,19,3,-0.030816599,2016/11/17 0:00,WMT,Consumer Staples
WMT_21862,2016/2/18,107,288,64,15,57,11,-0.030101314,2016/2/18 0:00,WMT,Consumer Staples
WMT_21665,2014/8/15,91,326,83,19,92,13,-0.006586878000000001,2014/8/15 0:00,WMT,Consumer Staples
WMT_22214,2012/2/21,29,243,49,9,68,17,-0.038572341,2012/2/21 0:00,WMT,Consumer Staples
WMT_21859,2015/5/19,77,245,73,8,52,12,-0.043668643,2015/5/19 0:00,WMT,Consumer Staples
WMT_21788,2014/5/15,89,294,97,19,75,17,-0.024256998999999998,2014/5/15 0:00,WMT,Consumer Staples
WMT_21660,2019/2/19,111,296,87,9,61,8,0.022102202,2019/2/19 0:00,WMT,Consumer Staples
WMT_21784,2013/5/16,93,298,64,17,76,11,-0.01702981,2013/5/16 0:00,WMT,Consumer Staples
WMT_21864,2016/5/19,43,144,33,9,23,3,0.09580356699999999,2016/5/19 0:00,WMT,Consumer Staples
WMT_21782,2012/8/16,76,340,70,13,92,11,-0.030893157,2012/8/16 0:00,WMT,Consumer Staples
WMT_21661,2017/2/21,43,135,42,13,24,4,0.029984057999999997,2017/2/21 0:00,WMT,Consumer Staples
WMT_21940,2017/11/16,67,93,49,2,12,2,0.108983644,2017/11/16 0:00,WMT,Consumer Staples
WMT_21787,2014/2/20,141,414,111,18,123,27,-0.017768896,2014/2/20 0:00,WMT,Consumer Staples
WMT_21939,2017/8/17,28,136,26,11,10,4,-0.01580645,2017/8/17 0:00,WMT,Consumer Staples
