,mean_fit_time,std_fit_time,mean_score_time,std_score_time,param_n_estimators,param_min_samples_split,param_min_samples_leaf,param_max_features,param_max_depth,param_bootstrap,params,split0_test_score,split1_test_score,split2_test_score,split3_test_score,split4_test_score,mean_test_score,std_test_score,rank_test_score,split0_train_score,split1_train_score,split2_train_score,split3_train_score,split4_train_score,mean_train_score,std_train_score
0,8.123060512542725,0.08834877961499267,0.22798700332641603,0.002350471863421011,400,5,1,sqrt,30,True,"{'n_estimators': 400, 'min_samples_split': 5, 'min_samples_leaf': 1, 'max_features': 'sqrt', 'max_depth': 30, 'bootstrap': True}",-0.0017542517138429369,-0.001635911713535894,-0.0018857993172058409,-0.001587258289012114,-0.0019872754140461127,-0.0017700992895285795,0.00014982673202118584,34,-0.0004858235212827564,-0.0004944482242382743,-0.00048252076750131365,-0.0004982015786206171,-0.0004646566686796776,-0.00048513015206452776,1.1697365787455321e-05
1,21.23599190711975,0.0580882183659368,0.5412556648254394,0.01237293935487052,2000,5,1,sqrt,10,True,"{'n_estimators': 2000, 'min_samples_split': 5, 'min_samples_leaf': 1, 'max_features': 'sqrt', 'max_depth': 10, 'bootstrap': True}",-0.001715140330582617,-0.001592655936788971,-0.0018441458846134664,-0.0015540646973033147,-0.0019513063872541962,-0.001731462647308513,0.0001496880326127863,5,-0.001385420775614042,-0.0014031110399337317,-0.0013696046137069446,-0.0014233495413676338,-0.0013307711316775657,-0.0013824514204599837,3.144578169800148e-05
2,17.329702377319336,0.06734224136730076,0.3229799747467041,0.01167611457213733,1200,5,2,sqrt,10,False,"{'n_estimators': 1200, 'min_samples_split': 5, 'min_samples_leaf': 2, 'max_features': 'sqrt', 'max_depth': 10, 'bootstrap': False}",-0.0017235610951847544,-0.0015935837462997516,-0.0018515330805532902,-0.001566486514464214,-0.0019600778080364903,-0.0017390484489076998,0.0001501227690940747,6,-0.0013320019204675533,-0.0013331567060210208,-0.001328603101327011,-0.001369242494388502,-0.0012727757017614984,-0.001327155984793117,3.095181857855801e-05
3,129.49122176170349,5.216573409728555,1.0495649337768556,0.02186460580528263,2000,2,4,auto,30,False,"{'n_estimators': 2000, 'min_samples_split': 2, 'min_samples_leaf': 4, 'max_features': 'auto', 'max_depth': 30, 'bootstrap': False}",-0.002783834754356794,-0.002516797036447938,-0.0028698408735842494,-0.002537572858979592,-0.002833258243722237,-0.002708260753418162,0.00015049029846272708,85,-0.0007923322825582586,-0.0008180441415161352,-0.0007702824293945651,-0.0008111255737882754,-0.0007633204350437187,-0.0007910209724601906,2.160357903777449e-05
4,16.71286873817444,0.060423080068041805,0.42946476936340333,0.01090785839673845,1600,2,4,sqrt,10,True,"{'n_estimators': 1600, 'min_samples_split': 2, 'min_samples_leaf': 4, 'max_features': 'sqrt', 'max_depth': 10, 'bootstrap': True}",-0.0017154431571556954,-0.0015892060427950077,-0.0018425802905689213,-0.0015513305933032282,-0.001954069899338911,-0.0017305259966323527,0.00015155055605338947,3,-0.0014548164508224387,-0.0014752076833177488,-0.0014365448769868318,-0.001492160462115924,-0.0013947827545953196,-0.0014507024455676525,3.3656046824021864e-05
5,20.264341735839842,0.3616078904343444,0.41951818466186525,0.007477986309595185,800,5,4,sqrt,30,False,"{'n_estimators': 800, 'min_samples_split': 5, 'min_samples_leaf': 4, 'max_features': 'sqrt', 'max_depth': 30, 'bootstrap': False}",-0.0017622834927589325,-0.0016370721191681721,-0.0018961683412808193,-0.0016020499491380836,-0.0019981499964340757,-0.0017791447797560166,0.00015065810419718828,47,-0.0005887217006545051,-0.0005928952409463243,-0.0005842482876919499,-0.0005993900629553718,-0.000560885596785033,-0.0005852281778066368,1.3153470914345776e-05
6,29.012114381790163,0.5260100740036289,0.6208659172058105,0.016201512196550232,1000,5,2,sqrt,100,False,"{'n_estimators': 1000, 'min_samples_split': 5, 'min_samples_leaf': 2, 'max_features': 'sqrt', 'max_depth': 100, 'bootstrap': False}",-0.0017865290915115434,-0.0016632258125430714,-0.0019231860043703846,-0.001628051852254102,-0.002013032899991394,-0.0018028051321340992,0.00014763012806557303,67,-0.00022719291086825105,-0.00022730919045290974,-0.00023189191818705972,-0.00023403123926981205,-0.00021815871349745142,-0.0002277167944550968,5.460794413331318e-06
7,18.61237564086914,0.29483649867068773,0.3969107151031494,0.011101020052905107,600,5,1,sqrt,60,False,"{'n_estimators': 600, 'min_samples_split': 5, 'min_samples_leaf': 1, 'max_features': 'sqrt', 'max_depth': 60, 'bootstrap': False}",-0.0017993983699790108,-0.0016803063138656267,-0.0019415370083678551,-0.0016409780615261455,-0.0020166006770652124,-0.00181576408616077,0.00014513508421846744,74,-0.00010740224959284506,-0.00010571949561241756,-0.00011054211370001089,-0.00011021621140555116,-0.00010407757083001597,-0.00010759152822816814,2.5093084912198023e-06
8,87.78602643013001,2.848552048987266,0.882219648361206,0.019484729706786014,1000,2,1,auto,50,False,"{'n_estimators': 1000, 'min_samples_split': 2, 'min_samples_leaf': 1, 'max_features': 'auto', 'max_depth': 50, 'bootstrap': False}",-0.0036742078867156233,-0.0033118201453025808,-0.0037446629252404435,-0.0032520482831308525,-0.003830644513498881,-0.003562676750777676,0.00023528024365003996,99,-3.244135559487295e-09,-3.1199241126593117e-09,-2.8023371919801556e-09,-2.233639019257854e-09,-3.0772895817750858e-09,-2.8954650930319403e-09,3.6102621740214794e-10
9,65.48963570594788,0.14534540610217397,0.47191610336303713,0.018655598119236755,1800,5,4,auto,10,False,"{'n_estimators': 1800, 'min_samples_split': 5, 'min_samples_leaf': 4, 'max_features': 'auto', 'max_depth': 10, 'bootstrap': False}",-0.002053731729591871,-0.001806445433895059,-0.002107841174551675,-0.0017921879948572825,-0.0022197115389225057,-0.001995983574363679,0.00016932720938842802,78,-0.0014541955015651665,-0.0015034037407822718,-0.0014860924260745958,-0.0014925098928327757,-0.0013901378193246674,-0.0014652678761158957,4.0981108919310975e-05
10,15.980506801605225,0.2662385964877385,0.1815493583679199,0.0017555589933462218,400,10,4,auto,70,True,"{'n_estimators': 400, 'min_samples_split': 10, 'min_samples_leaf': 4, 'max_features': 'auto', 'max_depth': 70, 'bootstrap': True}",-0.0017582905690464684,-0.001639900013301435,-0.0018864932535074738,-0.0015860194760296557,-0.001994679258479561,-0.0017730765140729187,0.00015160215903614464,36,-0.0008598085739166003,-0.0008728855163164865,-0.0008534096849929577,-0.000881604735924941,-0.0008281194281299591,-0.000859165587856189,1.8380205034756694e-05
11,24.715009117126463,0.341558999632272,0.5146886348724365,0.0030684359556942277,800,5,1,sqrt,90,False,"{'n_estimators': 800, 'min_samples_split': 5, 'min_samples_leaf': 1, 'max_features': 'sqrt', 'max_depth': 90, 'bootstrap': False}",-0.0018014782438789776,-0.0016840090667589005,-0.001942342154381589,-0.001640575409830276,-0.002017438869616257,-0.0018171687488932001,0.00014487194551816463,76,-0.00010824166248146043,-0.00010581677459539331,-0.00011010809044517546,-0.00011041833817891957,-0.00010407118749803935,-0.00010773121063979764,2.4572996508239707e-06
12,28.530924129486085,0.061334910294084395,0.5266835212707519,0.013744510143499925,2000,10,1,sqrt,10,False,"{'n_estimators': 2000, 'min_samples_split': 10, 'min_samples_leaf': 1, 'max_features': 'sqrt', 'max_depth': 10, 'bootstrap': False}",-0.001721290759012457,-0.0015950012455708089,-0.0018544757293265668,-0.001565592449683776,-0.0019592523986240824,-0.0017391225164435386,0.00015030976356308768,8,-0.0013642060184459954,-0.001374076465951294,-0.0013614245689089796,-0.0014039608964060402,-0.0013110203243390998,-0.0013629376548102818,3.0020948829676053e-05
13,22.910124492645263,0.049497791445662916,0.43597898483276365,0.009038761012757445,1600,5,2,sqrt,10,False,"{'n_estimators': 1600, 'min_samples_split': 5, 'min_samples_leaf': 2, 'max_features': 'sqrt', 'max_depth': 10, 'bootstrap': False}",-0.0017219534557417562,-0.001596910615788762,-0.0018500010658916268,-0.0015654702002122567,-0.001961081988045132,-0.0017390834651359068,0.00014982268212928394,7,-0.001331011512300788,-0.001335422877149191,-0.0013283163966766138,-0.001367655554664172,-0.0012708599655934742,-0.0013266532612768477,3.1281772456581326e-05
14,20.87559657096863,0.3582732213397434,0.4280205249786377,0.008707829428452381,800,10,2,sqrt,30,False,"{'n_estimators': 800, 'min_samples_split': 10, 'min_samples_leaf': 2, 'max_features': 'sqrt', 'max_depth': 30, 'bootstrap': False}",-0.001770757211632379,-0.0016422848557602777,-0.0019091891148086285,-0.0016085871392163581,-0.0019965002445554037,-0.0017854637131946092,0.00014956348578448563,53,-0.0004891901208357985,-0.0004897333987361741,-0.00048765077708955547,-0.000496114745883187,-0.0004658782631471621,-0.00048571346113837545,1.0330750773587194e-05
15,116.7385307788849,4.728764030601312,0.9496788501739502,0.01970486534385181,1800,2,4,auto,50,False,"{'n_estimators': 1800, 'min_samples_split': 2, 'min_samples_leaf': 4, 'max_features': 'auto', 'max_depth': 50, 'bootstrap': False}",-0.0027845801885834336,-0.0025225213443789978,-0.002871233235606699,-0.0025449187925435136,-0.002833146813338762,-0.0027112800748902814,0.00014772633945167935,86,-0.0007895295676610539,-0.0008104902616393531,-0.0007676166051823277,-0.0008072203133699099,-0.0007633204350437186,-0.0007876354365792726,1.9501133660172667e-05
16,43.96039705276489,1.4724813301574495,0.3734025001525879,0.01266482241861679,600,5,2,auto,70,False,"{'n_estimators': 600, 'min_samples_split': 5, 'min_samples_leaf': 2, 'max_features': 'auto', 'max_depth': 70, 'bootstrap': False}",-0.0031520536757293216,-0.0029499491543478113,-0.003457274065786111,-0.0028875345705301606,-0.003386270599152019,-0.0031666164131090844,0.000227056504730548,95,-0.00040773335899061037,-0.0004237551107510916,-0.0004136350527253811,-0.00041235841570481,-0.00040101628255416173,-0.000411699644145211,7.475020993122995e-06
17,19.947171354293822,0.09173252359081252,0.5773959159851074,0.005286092946414655,1000,2,1,sqrt,20,True,"{'n_estimators': 1000, 'min_samples_split': 2, 'min_samples_leaf': 1, 'max_features': 'sqrt', 'max_depth': 20, 'bootstrap': True}",-0.0017488095582493966,-0.0016383115616677693,-0.001876638238284108,-0.0015810177284343702,-0.001982718451890279,-0.0017654991077051846,0.00014834064989729584,29,-0.0004564697202261585,-0.00044293346666078495,-0.0004531004311063114,-0.0004628823735787319,-0.00040510291771939333,-0.000444097781858276,2.053742193000417e-05
18,122.62972412109374,4.717297458021619,0.9634264469146728,0.025306922810301672,1800,10,2,auto,110,False,"{'n_estimators': 1800, 'min_samples_split': 10, 'min_samples_leaf': 2, 'max_features': 'auto', 'max_depth': 110, 'bootstrap': False}",-0.0028797997682117496,-0.002692576867501892,-0.0030462039343890713,-0.0025940543610377758,-0.003090642966645969,-0.0028606555795572916,0.00019339883832235775,92,-0.0007128668250085978,-0.0007553947100100456,-0.0007242931134617077,-0.0007371009339331949,-0.0007009840232573001,-0.0007261279211341692,1.8912380765422906e-05
19,29.53229956626892,0.4250199344282646,0.34419898986816405,0.004539036411100725,600,5,1,auto,80,True,"{'n_estimators': 600, 'min_samples_split': 5, 'min_samples_leaf': 1, 'max_features': 'auto', 'max_depth': 80, 'bootstrap': True}",-0.001790418923721619,-0.0016686568217890096,-0.0019200922002767353,-0.001609845591347275,-0.0020117583693602084,-0.0018001543812989694,0.00015017666330609312,65,-0.0004032576263313455,-0.0004076578827459357,-0.00040027125311743316,-0.0004129356278154696,-0.00038548837223478414,-0.0004019221524489937,9.260381557037123e-06
20,49.33020434379578,0.7444985503111132,0.9845178127288818,0.012318958545172405,1800,10,1,sqrt,30,False,"{'n_estimators': 1800, 'min_samples_split': 10, 'min_samples_leaf': 1, 'max_features': 'sqrt', 'max_depth': 30, 'bootstrap': False}",-0.001777298320227945,-0.001650613003662612,-0.0019223299464389677,-0.0016121697169954945,-0.0020041860291241395,-0.0017933194032898315,0.0001513574937530068,61,-0.00038818335738577533,-0.00038424616156291987,-0.00038426590105328847,-0.000390307808451273,-0.0003661587788121926,-0.0003826324014530899,8.560114133643147e-06
21,49.39051780700684,0.8110862369000008,1.0520832061767578,0.03239986270616258,1600,5,1,sqrt,70,False,"{'n_estimators': 1600, 'min_samples_split': 5, 'min_samples_leaf': 1, 'max_features': 'sqrt', 'max_depth': 70, 'bootstrap': False}",-0.0017943475939391424,-0.001679018938824554,-0.0019464653129630464,-0.0016390906398424678,-0.0020187017951182815,-0.0018155248561374984,0.00014740260943592011,73,-0.00010763670639978091,-0.00010553150613883175,-0.0001099956871353966,-0.00011016727484596438,-0.00010355624353588263,-0.00010737748361117124,2.5579143779065743e-06
22,23.332025957107543,0.29011094687862204,0.6662098884582519,0.019889155666598914,1400,5,4,sqrt,80,True,"{'n_estimators': 1400, 'min_samples_split': 5, 'min_samples_leaf': 4, 'max_features': 'sqrt', 'max_depth': 80, 'bootstrap': True}",-0.0017366654411484286,-0.0016156285843075561,-0.0018617604742372782,-0.001568415762200278,-0.001977985585546687,-0.0017520911694880455,0.0001520870074016396,16,-0.0009435978893558436,-0.000956314858761878,-0.0009319996277547652,-0.0009655506086782142,-0.0009080508602230517,-0.0009411027689547504,2.00530597155429e-05
23,85.10869550704956,1.28858091846721,1.0263964653015136,0.009626954643124453,1800,2,2,auto,,True,"{'n_estimators': 1800, 'min_samples_split': 2, 'min_samples_leaf': 2, 'max_features': 'auto', 'max_depth': None, 'bootstrap': True}",-0.0017803780967361581,-0.001656985584966862,-0.0019047464129016297,-0.0016038115013665075,-0.0020076302199949192,-0.0017907103631932153,0.00015031879556590223,60,-0.00045393669903982575,-0.00045921773812269935,-0.00045361373545174205,-0.00046635666272202636,-0.0004363660383588021,-0.00045389817473901915,9.909287293243192e-06
24,43.22611088752747,0.6126341439813751,0.9084453582763672,0.0090797153167706,1400,5,1,sqrt,80,False,"{'n_estimators': 1400, 'min_samples_split': 5, 'min_samples_leaf': 1, 'max_features': 'sqrt', 'max_depth': 80, 'bootstrap': False}",-0.0017959367418093658,-0.0016782602312569654,-0.0019447959966097062,-0.0016346646632495485,-0.002017477279732135,-0.0018142269825315444,0.00014793449064585284,72,-0.00010793843830980477,-0.00010537613194704749,-0.00011001385529107881,-0.0001100096569417839,-0.00010407922464797372,-0.00010748346142753773,2.409200134273652e-06
25,14.464405870437622,0.16912729318321645,0.3535128116607666,0.005704905673857453,400,2,1,sqrt,,False,"{'n_estimators': 400, 'min_samples_split': 2, 'min_samples_leaf': 1, 'max_features': 'sqrt', 'max_depth': None, 'bootstrap': False}",-0.0018199468103421669,-0.0016899853265531827,-0.001965105604419461,-0.0016613997470364958,-0.002039966292824777,-0.0018352807562352167,0.00014854706812194026,77,-6.789278697327088e-10,-6.694956434281008e-10,-6.75001362162762e-10,-6.619279966798566e-11,-6.77996907918097e-10,-5.535229165819308e-10,2.4368730199094725e-10
26,123.25863208770753,3.9734530364333764,1.233322763442993,0.016068580449279484,1400,2,1,auto,40,False,"{'n_estimators': 1400, 'min_samples_split': 2, 'min_samples_leaf': 1, 'max_features': 'auto', 'max_depth': 40, 'bootstrap': False}",-0.0036740671532294253,-0.00331171448973799,-0.0037463779525230352,-0.003252969748680315,-0.003828427220372531,-0.003562711312908659,0.00023480960074601705,100,-3.4346067130706582e-09,-2.811107753614519e-07,-2.751607131844486e-08,-1.1859348576097944e-07,-3.077289581775086e-09,-8.674644574714438e-08,1.0605786539025788e-07
27,17.451208305358886,0.11290136872518035,0.48663105964660647,0.005025996650242482,1000,5,2,sqrt,20,True,"{'n_estimators': 1000, 'min_samples_split': 5, 'min_samples_leaf': 2, 'max_features': 'sqrt', 'max_depth': 20, 'bootstrap': True}",-0.001739286071466311,-0.0016205895825580998,-0.0018659378533467071,-0.0015746312853780415,-0.0019778400033228466,-0.0017556569592144012,0.00015020564402864502,21,-0.0007532001544524957,-0.0007530404983585654,-0.0007470483698099184,-0.0007713376491959089,-0.000701594099480986,-0.0007452441542595749,2.3296067798227334e-05
28,127.34169354438782,5.1589883709576725,1.0055558204650878,0.01914529917027591,2000,10,4,auto,100,False,"{'n_estimators': 2000, 'min_samples_split': 10, 'min_samples_leaf': 4, 'max_features': 'auto', 'max_depth': 100, 'bootstrap': False}",-0.0027416135023383974,-0.0024253253130518166,-0.0027694058496692637,-0.0024268785218404666,-0.0027520562084053946,-0.002623055879061068,0.00016105790333015765,81,-0.0008570115047368949,-0.0008870912055665378,-0.0008488229845282903,-0.0008870253534313241,-0.0008378146266244215,-0.0008635531349774938,2.0135674197310636e-05
29,21.32053847312927,0.1567911614593613,0.5993377208709717,0.009156071556837219,1200,2,2,sqrt,20,True,"{'n_estimators': 1200, 'min_samples_split': 2, 'min_samples_leaf': 2, 'max_features': 'sqrt', 'max_depth': 20, 'bootstrap': True}",-0.0017397464143781623,-0.001622157825073711,-0.0018680829763182759,-0.001573287923711174,-0.0019798266611180965,-0.0017566203601198835,0.00015114274923434882,22,-0.0007081251421334696,-0.0007074379918930402,-0.0007029569157372412,-0.0007233854448178631,-0.000656882836381714,-0.0006997576661926656,2.2520036448512416e-05
30,27.75103588104248,0.30238791187585473,0.5568068981170654,0.004910178644053676,1200,10,4,sqrt,20,False,"{'n_estimators': 1200, 'min_samples_split': 10, 'min_samples_leaf': 4, 'max_features': 'sqrt', 'max_depth': 20, 'bootstrap': False}",-0.0017514275648517134,-0.00162941060557249,-0.0018837905969925602,-0.0015920450904338395,-0.001988396015729293,-0.0017690139747159792,0.0001499456711162953,32,-0.0007619121542419284,-0.0007486674364567286,-0.0007518496604146542,-0.0007595237967062027,-0.000693097195980109,-0.0007430100487599245,2.542216003908371e-05
31,23.735649967193602,0.39466747968569266,0.5231828689575195,0.014484340577881656,800,2,2,sqrt,50,False,"{'n_estimators': 800, 'min_samples_split': 2, 'min_samples_leaf': 2, 'max_features': 'sqrt', 'max_depth': 50, 'bootstrap': False}",-0.0017893526934486372,-0.0016627588150565143,-0.0019269294938337757,-0.001629698406492481,-0.0020136820531469002,-0.0018044842923956618,0.0001480687087694191,68,-0.00017807757975949249,-0.00017706250587188469,-0.0001813478241819839,-0.00018347484025376849,-0.00017130389551074315,-0.00017825332911557454,4.1613376105322265e-06
32,24.625300455093384,0.2775715587237376,0.5230688571929931,0.006282834391786338,800,5,1,sqrt,100,False,"{'n_estimators': 800, 'min_samples_split': 5, 'min_samples_leaf': 1, 'max_features': 'sqrt', 'max_depth': 100, 'bootstrap': False}",-0.0017981741774685165,-0.0016761417787768329,-0.0019455365544911434,-0.0016395483754057458,-0.00201952775444302,-0.0018157857281170518,0.00014779465080336297,75,-0.00010861723187935892,-0.00010582519857782966,-0.00011009601129406854,-0.0001097498692050626,-0.00010332178109914096,-0.00010752201841109214,2.581063427587193e-06
33,13.089412117004395,0.15241035608871292,0.36417088508605955,0.004051075361712438,800,10,4,sqrt,50,True,"{'n_estimators': 800, 'min_samples_split': 10, 'min_samples_leaf': 4, 'max_features': 'sqrt', 'max_depth': 50, 'bootstrap': True}",-0.0017326674529810058,-0.0016144682061196695,-0.0018616492435915618,-0.0015701745295723531,-0.0019724165352468783,-0.0017502751935022938,0.00015029356223177743,11,-0.0009918578937069859,-0.0010059838010587237,-0.0009792655735603745,-0.0010150534387901534,-0.0009520554096447894,-0.0009888432233522055,2.2067793943533808e-05
34,30.215144395828247,0.32198792616618727,0.8569536685943604,0.010997621655012448,1800,2,4,sqrt,90,True,"{'n_estimators': 1800, 'min_samples_split': 2, 'min_samples_leaf': 4, 'max_features': 'sqrt', 'max_depth': 90, 'bootstrap': True}",-0.0017364521152656912,-0.001613082527441131,-0.001862161912317564,-0.001567176952182832,-0.0019744668057912937,-0.0017506680625997023,0.0001518667944117706,12,-0.000944730861564071,-0.0009583468264036021,-0.0009337258053592356,-0.0009671250970866024,-0.0009077399108177686,-0.000942333700246256,2.0724893584377063e-05
35,19.378562259674073,0.1555309118635882,0.3833446979522705,0.005533459117623802,800,10,2,sqrt,20,False,"{'n_estimators': 800, 'min_samples_split': 10, 'min_samples_leaf': 2, 'max_features': 'sqrt', 'max_depth': 20, 'bootstrap': False}",-0.001759121293621181,-0.0016321437034147398,-0.0018918841735595083,-0.0015969316805616465,-0.0019949991249452355,-0.0017750159952204623,0.00015128113226972045,40,-0.0006456197039878609,-0.0006226315923988019,-0.0006366370270565271,-0.0006441297488253057,-0.0005751832824085889,-0.0006248402709354169,2.6129397316655034e-05
36,20.98055691719055,0.11241489331212992,0.5870985984802246,0.005230365675959476,1200,5,2,sqrt,20,True,"{'n_estimators': 1200, 'min_samples_split': 5, 'min_samples_leaf': 2, 'max_features': 'sqrt', 'max_depth': 20, 'bootstrap': True}",-0.0017403883401652313,-0.0016202926685815974,-0.0018699397758924412,-0.001570917942966397,-0.001976467996420683,-0.0017556013448052701,0.00015132956545608602,20,-0.0007518872089540652,-0.0007506265636507826,-0.0007446699665877156,-0.0007695936852952337,-0.0006996950014737679,-0.000743294485192313,2.333259150550225e-05
37,44.36852760314942,0.6942178941940869,0.5937216758728028,0.02014653643781939,800,2,1,auto,100,True,"{'n_estimators': 800, 'min_samples_split': 2, 'min_samples_leaf': 1, 'max_features': 'auto', 'max_depth': 100, 'bootstrap': True}",-0.0017947831360255653,-0.0016815218918880038,-0.0019241640459565351,-0.0016191762228560055,-0.0020177026758437387,-0.0018074695945139697,0.00014784702047653954,70,-0.0002483073874293556,-0.0002524316882427003,-0.00024403765894876446,-0.0002520992929344123,-0.000238220082315045,-0.0002470192219740555,5.349315079975391e-06
38,37.05472388267517,0.5850047243635881,0.4486348628997803,0.012878491489174554,800,5,2,auto,,True,"{'n_estimators': 800, 'min_samples_split': 5, 'min_samples_leaf': 2, 'max_features': 'auto', 'max_depth': None, 'bootstrap': True}",-0.0017761872269189648,-0.0016575315197772471,-0.0019058536533945458,-0.0015998261989458094,-0.002007742054749836,-0.001789428130757281,0.00015148386171437748,56,-0.0005091858858657275,-0.0005147753728429841,-0.0005059223219585668,-0.0005210606101975655,-0.000488337712499276,-0.0005078563806728239,1.1033682109160293e-05
39,19.598439073562623,0.1712150069268569,0.564750862121582,0.005871443916617623,1000,2,2,sqrt,60,True,"{'n_estimators': 1000, 'min_samples_split': 2, 'min_samples_leaf': 2, 'max_features': 'sqrt', 'max_depth': 60, 'bootstrap': True}",-0.0017493989031596108,-0.001628111976896959,-0.0018743646093168102,-0.0015806320548575582,-0.001983361269212352,-0.001763173762688658,0.00015006588568837982,28,-0.0005679719616468728,-0.0005737804124273917,-0.0005623444900820909,-0.0005802179083533737,-0.0005456611382607425,-0.0005659951821540942,1.1777982015373862e-05
40,4.981011533737183,0.012098990764261436,0.05385713577270508,0.0014620225049310205,200,5,4,auto,10,True,"{'n_estimators': 200, 'min_samples_split': 5, 'min_samples_leaf': 4, 'max_features': 'auto', 'max_depth': 10, 'bootstrap': True}",-0.001725186365003383,-0.001606428400615076,-0.0018578206013703808,-0.0015601864553394062,-0.0019631607230731892,-0.001742556509080287,0.0001510254617764209,9,-0.0013729302761017056,-0.001392378462124863,-0.0013727186324473178,-0.0014133194373649556,-0.0013145944995648585,-0.0013731882615207402,3.290073288530629e-05
41,10.4765625,0.1162139410500554,0.2883904933929443,0.001888408431011603,600,10,2,sqrt,60,True,"{'n_estimators': 600, 'min_samples_split': 10, 'min_samples_leaf': 2, 'max_features': 'sqrt', 'max_depth': 60, 'bootstrap': True}",-0.0017429224883668056,-0.0016177694713047405,-0.0018685975514461189,-0.001575020208967879,-0.001982462014389677,-0.0017573543468950444,0.000152306576621923,24,-0.0008591965464382963,-0.0008702373254504442,-0.0008489356116196322,-0.0008790708122134311,-0.0008277490488012722,-0.0008570378689046152,1.782031250459538e-05
42,13.470636415481568,0.15497811240049914,0.37558684349060056,0.0018094614327442186,800,2,4,sqrt,90,True,"{'n_estimators': 800, 'min_samples_split': 2, 'min_samples_leaf': 4, 'max_features': 'sqrt', 'max_depth': 90, 'bootstrap': True}",-0.0017364779118451993,-0.001614662720904677,-0.001866963757919616,-0.0015706381685606568,-0.001975417291088941,-0.001752831970063818,0.00015173863586747437,18,-0.0009452126746179877,-0.0009582845961309834,-0.0009335788685239868,-0.0009679161618200133,-0.000908268909872173,-0.0009426522421930287,2.0754428876687854e-05
43,6.572339630126953,0.09450119925772651,0.18158526420593263,0.0013614844676667715,400,10,4,sqrt,90,True,"{'n_estimators': 400, 'min_samples_split': 10, 'min_samples_leaf': 4, 'max_features': 'sqrt', 'max_depth': 90, 'bootstrap': True}",-0.0017329634351881766,-0.001614028973578852,-0.0018664605489459858,-0.0015694825755056705,-0.001976258954395478,-0.0017518388975228329,0.00015238383857687257,15,-0.0009916012347509883,-0.0010059908231843033,-0.0009824927994465105,-0.0010145714569472874,-0.0009547456484428555,-0.000989880392554389,2.0790299225896898e-05
44,14.709089183807373,0.5371256826618273,0.1252774715423584,0.003047012884948277,200,5,2,auto,90,False,"{'n_estimators': 200, 'min_samples_split': 5, 'min_samples_leaf': 2, 'max_features': 'auto', 'max_depth': 90, 'bootstrap': False}",-0.003152243611256471,-0.0029501462980406905,-0.003459800453239731,-0.0028917747115551427,-0.003388014816615464,-0.0031683959781415,0.0002269634989454752,96,-0.0004077333589906105,-0.0004237551107510916,-0.0004136350527253811,-0.00041235841570481,-0.00040101628255416173,-0.00041169964414521104,7.475020993122983e-06
45,23.725917625427247,0.2378954066093537,0.7324708938598633,0.006723322263519259,1000,2,1,sqrt,110,True,"{'n_estimators': 1000, 'min_samples_split': 2, 'min_samples_leaf': 1, 'max_features': 'sqrt', 'max_depth': 110, 'bootstrap': True}",-0.0017639961430573482,-0.0016446922628012106,-0.0018871747898535965,-0.0015942917662312317,-0.001992820871662688,-0.001776595166721215,0.00014817088095814255,43,-0.00024234813323528002,-0.000247361935196285,-0.00023999644785941435,-0.0002484089612498827,-0.00023452787352590588,-0.00024252867021335359,5.067460199224675e-06
46,94.67862105369568,1.3352232329483047,1.1434662342071533,0.018490316887072873,2000,2,2,auto,90,True,"{'n_estimators': 2000, 'min_samples_split': 2, 'min_samples_leaf': 2, 'max_features': 'auto', 'max_depth': 90, 'bootstrap': True}",-0.0017771062101411387,-0.00165938094091196,-0.0019046577994123542,-0.0016047209682331452,-0.002002473496888605,-0.0017896678831174407,0.00014822061554619853,58,-0.00045455779260813133,-0.00045946138752417517,-0.0004535062238598337,-0.0004653550024872624,-0.0004355627526073685,-0.0004536886318173542,9.987643599333244e-06
47,9.898484802246093,0.17529469378022283,0.20473408699035645,0.0030694199807854575,400,10,4,sqrt,80,False,"{'n_estimators': 400, 'min_samples_split': 10, 'min_samples_leaf': 4, 'max_features': 'sqrt', 'max_depth': 80, 'bootstrap': False}",-0.0017568141366799532,-0.0016375909424497486,-0.0018939431098696378,-0.0015995461797556488,-0.001995250681616064,-0.0017766290100742106,0.00015009368776106006,45,-0.0006428244892498231,-0.0006492792815371267,-0.0006410238601345755,-0.000657240127142795,-0.000619227572163767,-0.0006419190660456175,1.2691987745162986e-05
48,30.317907762527465,0.6348797927117745,0.6241330146789551,0.006890043152686048,1200,2,4,sqrt,70,False,"{'n_estimators': 1200, 'min_samples_split': 2, 'min_samples_leaf': 4, 'max_features': 'sqrt', 'max_depth': 70, 'bootstrap': False}",-0.0017609004525795506,-0.001638413473051422,-0.0018969980387109637,-0.0016025130574035488,-0.0019985274744804492,-0.0017794704992451869,0.00015056862118451584,48,-0.0005810239596747539,-0.000587635072631917,-0.0005809509246988436,-0.0005955771625820261,-0.000560893940181504,-0.000581216211953809,1.1493830898398711e-05
49,17.908831739425658,0.2502672671605826,0.390178918838501,0.003307498367365917,600,2,2,sqrt,110,False,"{'n_estimators': 600, 'min_samples_split': 2, 'min_samples_leaf': 2, 'max_features': 'sqrt', 'max_depth': 110, 'bootstrap': False}",-0.0017915047439133328,-0.0016720048002390997,-0.0019289319797079723,-0.001630662551447166,-0.002015515279763386,-0.0018077238710141913,0.00014690276532855508,71,-0.00017859167663798983,-0.00017727386256496881,-0.00018174825451385454,-0.0001837926946165906,-0.0001708772038600302,-0.0001784567384386868,4.431100416034456e-06
50,130.5991217136383,0.8438291225649079,1.170202112197876,0.03846362962260374,1800,2,1,auto,20,False,"{'n_estimators': 1800, 'min_samples_split': 2, 'min_samples_leaf': 1, 'max_features': 'auto', 'max_depth': 20, 'bootstrap': False}",-0.003449484046408639,-0.002956694066877616,-0.003410464048277362,-0.0028835252910228196,-0.003614959712039517,-0.0032630254329251906,0.00028921340224247866,97,-0.00027230105678616,-0.00036773208487192205,-0.0003904664970456249,-0.00041321451189643894,-0.0002678489628518907,-0.0003423126226904073,6.072640045797379e-05
51,136.6147452354431,5.331920645496055,1.0735145568847657,0.01776457341247453,2000,10,2,auto,50,False,"{'n_estimators': 2000, 'min_samples_split': 10, 'min_samples_leaf': 2, 'max_features': 'auto', 'max_depth': 50, 'bootstrap': False}",-0.002879015659070512,-0.0026925458750994623,-0.003046133020500238,-0.002593997609080027,-0.0030896638526648978,-0.0028602712032830277,0.00019315815799316125,89,-0.0007128668250085978,-0.0007553947100100456,-0.0007242931134617077,-0.0007371009339331949,-0.0007009840232573001,-0.0007261279211341692,1.8912380765422906e-05
52,63.837488126754764,2.6525489682670917,0.5013270378112793,0.010651667621127662,1000,10,4,auto,50,False,"{'n_estimators': 1000, 'min_samples_split': 10, 'min_samples_leaf': 4, 'max_features': 'auto', 'max_depth': 50, 'bootstrap': False}",-0.0027416905184256086,-0.0024253258134508348,-0.0027694215797612384,-0.0024270570305008916,-0.0027520562084053925,-0.0026231102301087932,0.0001610285028698403,83,-0.0008570115047368949,-0.0008870912055665378,-0.0008488229845282903,-0.0008870253534313241,-0.0008378146266244215,-0.0008635531349774938,2.0135674197310636e-05
53,64.8470245361328,2.5771431404916982,0.5233758926391602,0.015460099076118923,1000,5,4,auto,30,False,"{'n_estimators': 1000, 'min_samples_split': 5, 'min_samples_leaf': 4, 'max_features': 'auto', 'max_depth': 30, 'bootstrap': False}",-0.0027835422174814595,-0.0025168136757153683,-0.0028698947818520722,-0.0025375257820568283,-0.0028332526021838415,-0.0027082058118579138,0.00015047805099147843,84,-0.0007923322825582586,-0.0008180441415161353,-0.0007702824293945651,-0.0008111255737882754,-0.0007633204350437187,-0.0007910209724601906,2.160357903777452e-05
54,40.5247917175293,0.60789883839906,0.8644012451171875,0.009708377905782875,1400,5,2,sqrt,,False,"{'n_estimators': 1400, 'min_samples_split': 5, 'min_samples_leaf': 2, 'max_features': 'sqrt', 'max_depth': None, 'bootstrap': False}",-0.001783146987350752,-0.0016616496451362724,-0.001920169828735048,-0.0016287678981309203,-0.0020098437115363492,-0.0018007156141778683,0.00014643625775611824,66,-0.00022762323613534659,-0.00022702210658092283,-0.0002314656712851453,-0.00023378583332569905,-0.0002184874061085025,-0.00022767685068712326,5.225940803926608e-06
55,15.165663719177246,0.27521292569349987,0.3150343894958496,0.0021931314339359814,600,2,4,sqrt,60,False,"{'n_estimators': 600, 'min_samples_split': 2, 'min_samples_leaf': 4, 'max_features': 'sqrt', 'max_depth': 60, 'bootstrap': False}",-0.0017635098350711532,-0.0016435450217714852,-0.0018992267238007183,-0.0016042425553202122,-0.001998271146681725,-0.0017817590565290587,0.00014941512622605486,52,-0.0005812727165055726,-0.0005872753420772146,-0.0005819702509945003,-0.0005956404963488099,-0.0005609546475361684,-0.000581422690692453,1.1451311113598511e-05
56,40.464335441589355,0.1590079137690454,0.4262698173522949,0.008992409181924677,1600,5,1,auto,10,True,"{'n_estimators': 1600, 'min_samples_split': 5, 'min_samples_leaf': 1, 'max_features': 'auto', 'max_depth': 10, 'bootstrap': True}",-0.001731784830340874,-0.001610473617265684,-0.0018575930241168262,-0.0015627600157733855,-0.0019602262147259634,-0.0017445675404445468,0.00014864856386142386,10,-0.001303874802450929,-0.0013277762146033862,-0.0013062316884469409,-0.0013485855007244931,-0.0012535416277195614,-0.001308001966789062,3.169902208509944e-05
57,85.20216369628906,1.156179278987252,1.0535126686096192,0.03634403511812452,1800,2,2,auto,80,True,"{'n_estimators': 1800, 'min_samples_split': 2, 'min_samples_leaf': 2, 'max_features': 'auto', 'max_depth': 80, 'bootstrap': True}",-0.0017797673980612001,-0.0016572971611175293,-0.0019030982031901207,-0.001604510548144777,-0.002002567404486366,-0.0017894481429999987,0.00014838845549679258,57,-0.00045434017800158625,-0.0004597282238896893,-0.0004535957741764836,-0.000466085774748136,-0.00043769291311891153,-0.0004542885727869614,9.430401169226518e-06
58,77.62616500854492,0.8936778713570831,1.018152379989624,0.008815210705694791,1400,2,1,auto,100,True,"{'n_estimators': 1400, 'min_samples_split': 2, 'min_samples_leaf': 1, 'max_features': 'auto', 'max_depth': 100, 'bootstrap': True}",-0.0017960835500470493,-0.001681901103499258,-0.0019229587005171209,-0.001616520797848953,-0.002013567404530172,-0.0018062063112885107,0.0001470813328525924,69,-0.00024492924584197553,-0.0002513484952885642,-0.0002436577501336481,-0.0002510337583805488,-0.00023779760455890537,-0.00024575337084072844,5.050800638511995e-06
59,24.359446573257447,0.272249624906256,0.6738461494445801,0.00681515298653226,1400,10,2,sqrt,80,True,"{'n_estimators': 1400, 'min_samples_split': 10, 'min_samples_leaf': 2, 'max_features': 'sqrt', 'max_depth': 80, 'bootstrap': True}",-0.0017361971284905009,-0.0016180160427538936,-0.0018689015753271718,-0.0015709881152133785,-0.001976160778793137,-0.001754052728115616,0.0001515649686311545,19,-0.0008573965408093143,-0.0008705827029019362,-0.0008493059034772301,-0.000879525014765646,-0.0008272844395733056,-0.0008568189203054865,1.8078014583596783e-05
60,4.702980327606201,0.03144202415372577,0.14793643951416016,0.000776480676734283,200,2,1,sqrt,50,True,"{'n_estimators': 200, 'min_samples_split': 2, 'min_samples_leaf': 1, 'max_features': 'sqrt', 'max_depth': 50, 'bootstrap': True}",-0.0017707676609686643,-0.0016589997103989404,-0.0019061915631507554,-0.001609186754376996,-0.0019980592614048096,-0.0017886409900600333,0.00014629032066172302,55,-0.0002457950974843603,-0.00024846599080523274,-0.00024551455887049676,-0.0002513147271028751,-0.0002381283988484236,-0.0002458437546222777,4.39192701578378e-06
61,4.183221435546875,0.0057311391353391744,0.10765614509582519,0.004049123123031657,400,2,4,sqrt,10,True,"{'n_estimators': 400, 'min_samples_split': 2, 'min_samples_leaf': 4, 'max_features': 'sqrt', 'max_depth': 10, 'bootstrap': True}",-0.0017142165635211392,-0.0015885280651752195,-0.0018418613743443695,-0.0015514838691341566,-0.0019542086904467183,-0.0017300597125243205,0.0001516007389847265,2,-0.0014549502492978692,-0.0014750201269494894,-0.0014334373607494536,-0.0014943894861596267,-0.001395743995958837,-0.0014507082438230553,3.4165670340531214e-05
62,63.71784448623657,2.6332067253677662,0.5076478958129883,0.017145788350683408,1000,10,4,auto,80,False,"{'n_estimators': 1000, 'min_samples_split': 10, 'min_samples_leaf': 4, 'max_features': 'auto', 'max_depth': 80, 'bootstrap': False}",-0.0027415574588707833,-0.002425333026226707,-0.002769402992215391,-0.0024270123780001556,-0.0027520562084053925,-0.0026230724127436857,0.0001610146368447985,82,-0.0008570115047368949,-0.0008870912055665378,-0.0008488229845282903,-0.0008870253534313241,-0.0008378146266244215,-0.0008635531349774938,2.0135674197310636e-05
63,81.92373433113099,3.1018218857520075,0.6570091247558594,0.01646470880421415,1200,10,2,auto,,False,"{'n_estimators': 1200, 'min_samples_split': 10, 'min_samples_leaf': 2, 'max_features': 'auto', 'max_depth': None, 'bootstrap': False}",-0.002879667246560086,-0.002692510015783884,-0.003046184609132664,-0.002594017290975702,-0.003090250901730143,-0.002860526012836496,0.00019332113173565915,91,-0.0007128668250085977,-0.0007553947100100456,-0.0007242931134617077,-0.0007371009339331949,-0.0007009840232573001,-0.0007261279211341692,1.891238076542292e-05
64,26.838787078857422,0.1610889112935789,0.7200967311859131,0.009129649168361275,1600,10,1,sqrt,20,True,"{'n_estimators': 1600, 'min_samples_split': 10, 'min_samples_leaf': 1, 'max_features': 'sqrt', 'max_depth': 20, 'bootstrap': True}",-0.0017363004593895994,-0.001614099012979255,-0.0018674177736195728,-0.0015684590711570676,-0.0019746930278984926,-0.0017521938690087974,0.00015222594363191485,17,-0.0008826125825235817,-0.0008886195271186489,-0.0008711054144253892,-0.0009024522737058321,-0.000831277362033096,-0.0008752134319613096,2.4181312473917737e-05
65,68.63976759910584,1.0281514895359258,0.7728785514831543,0.01575738567294766,1600,10,2,auto,,True,"{'n_estimators': 1600, 'min_samples_split': 10, 'min_samples_leaf': 2, 'max_features': 'auto', 'max_depth': None, 'bootstrap': True}",-0.0017685419989162505,-0.00164096702464646,-0.001891303708659399,-0.0015906467566532052,-0.001991630483199077,-0.0017766179944148784,0.00014995658835940885,44,-0.0007415479536750421,-0.0007519315562135523,-0.0007368252181143281,-0.0007595330653423141,-0.0007139616864454003,-0.0007407598959581275,1.556588988383056e-05
66,65.596280002594,0.18195652046921187,0.47396130561828614,0.021839710547505383,1800,2,4,auto,10,False,"{'n_estimators': 1800, 'min_samples_split': 2, 'min_samples_leaf': 4, 'max_features': 'auto', 'max_depth': 10, 'bootstrap': False}",-0.0020537273698919274,-0.001806422469448707,-0.002107841174551675,-0.0017922185528330052,-0.0022197248284505948,-0.001995986879035182,0.0001693282102093967,79,-0.0014541955015651665,-0.0015034037407822718,-0.0014860924260745958,-0.0014925098928327757,-0.0013901378193246674,-0.0014652678761158957,4.0981108919310975e-05
67,66.17571086883545,0.8891253259140928,0.801478385925293,0.015294228400202007,1400,2,2,auto,70,True,"{'n_estimators': 1400, 'min_samples_split': 2, 'min_samples_leaf': 2, 'max_features': 'auto', 'max_depth': 70, 'bootstrap': True}",-0.0017775830143914775,-0.0016601078208723545,-0.0019043111298995626,-0.001605309109225053,-0.002001122116580828,-0.0017896866381938552,0.00014749642464531113,59,-0.00045480731090590605,-0.00045941956172065727,-0.00045421595949968077,-0.00046656884526052726,-0.000436842868112653,-0.0004543709090998849,9.815551096391088e-06
68,27.54837031364441,0.40236711608152215,0.5547726154327393,0.008498963544494718,1000,10,1,sqrt,80,False,"{'n_estimators': 1000, 'min_samples_split': 10, 'min_samples_leaf': 1, 'max_features': 'sqrt', 'max_depth': 80, 'bootstrap': False}",-0.0017763558865474083,-0.0016599442474405453,-0.0019225817270860281,-0.0016142491828622328,-0.0020038081838907452,-0.001795387845565392,0.0001490877055876147,63,-0.00037530337318867805,-0.00037500522168361946,-0.0003767506526428064,-0.0003829343521931212,-0.0003615382909294915,-0.0003743063781275433,6.998897721028654e-06
69,133.12473130226135,4.795339228738842,0.8169732570648194,0.01657623536784222,2000,10,2,auto,60,False,"{'n_estimators': 2000, 'min_samples_split': 10, 'min_samples_leaf': 2, 'max_features': 'auto', 'max_depth': 60, 'bootstrap': False}",-0.002879487607165523,-0.002692512648512893,-0.0030463115172923243,-0.0025939916535036908,-0.003089930595062029,-0.002860446804307292,0.00019327249260968606,90,-0.0007128668250085978,-0.0007553947100100456,-0.0007242931134617077,-0.0007371009339331949,-0.0007009840232573001,-0.0007261279211341692,1.8912380765422906e-05
70,35.36452202796936,0.653242393822292,0.7387814044952392,0.009772147842615639,1400,2,4,sqrt,80,False,"{'n_estimators': 1400, 'min_samples_split': 2, 'min_samples_leaf': 4, 'max_features': 'sqrt', 'max_depth': 80, 'bootstrap': False}",-0.0017620700890074387,-0.0016385600640045905,-0.0018965272941773462,-0.0016055381896923455,-0.0019985330612593407,-0.0017802457396282122,0.00014973220606820625,50,-0.0005813518866624718,-0.0005866102323147567,-0.0005807433001173361,-0.0005962850285240749,-0.0005604834238349108,-0.0005810947742907101,1.1714789877478103e-05
71,18.84472599029541,0.15061742728706498,0.3875133037567139,0.0048565951985396144,800,2,4,sqrt,20,False,"{'n_estimators': 800, 'min_samples_split': 2, 'min_samples_leaf': 4, 'max_features': 'sqrt', 'max_depth': 20, 'bootstrap': False}",-0.0017543002066260941,-0.0016314863787218244,-0.0018842651502711883,-0.0015947249994714074,-0.0019950069701788267,-0.001771956741053868,0.00015087700263437666,35,-0.0007124989716670106,-0.0006955279614892243,-0.0006990152865455837,-0.0007093602716926483,-0.0006404630565808331,-0.0006913731095950601,2.6219607965509138e-05
72,34.35934557914734,0.43144097600904974,0.987759017944336,0.011661185759871533,1800,5,2,sqrt,60,True,"{'n_estimators': 1800, 'min_samples_split': 5, 'min_samples_leaf': 2, 'max_features': 'sqrt', 'max_depth': 60, 'bootstrap': True}",-0.00174601409897453,-0.0016277827486976051,-0.0018725554007066483,-0.0015781526607043436,-0.0019832239967668927,-0.001761545781170004,0.00015048666754371076,27,-0.0006214118824336627,-0.0006292235061981663,-0.0006166384267189804,-0.0006379845222624711,-0.0005963645266317636,-0.0006203245728490088,1.3999418260742997e-05
73,31.3169677734375,1.1710705475211773,0.2641937255859375,0.006863184314472158,400,5,1,auto,90,False,"{'n_estimators': 400, 'min_samples_split': 5, 'min_samples_leaf': 1, 'max_features': 'auto', 'max_depth': 90, 'bootstrap': False}",-0.0034933104366997934,-0.0031357169369003912,-0.0035590260933538163,-0.0030583329832746123,-0.0036179100214674843,-0.00337285929433922,0.0002299476947746834,98,-0.00025946115180189706,-0.00027618703669945397,-0.0002712474194842058,-0.0002798844053879835,-0.00027223824484354014,-0.00027180365164341613,6.8898216730517374e-06
74,78.8160141468048,1.1043031675936281,0.9200360298156738,0.017711016924324252,1600,5,1,auto,90,True,"{'n_estimators': 1600, 'min_samples_split': 5, 'min_samples_leaf': 1, 'max_features': 'auto', 'max_depth': 90, 'bootstrap': True}",-0.0017882479237553602,-0.001665773552886525,-0.001916373227338838,-0.001605847074752247,-0.0020035936166609945,-0.0017959670790787929,0.00014883680681444575,64,-0.000401380682935177,-0.00040560312507010525,-0.000399245223695167,-0.0004100468179051663,-0.00038589388186949626,-0.00040043394629502233,8.159050863740787e-06
75,10.564599132537841,0.1976225982952001,0.21727256774902343,0.002703765140739031,400,10,2,sqrt,90,False,"{'n_estimators': 400, 'min_samples_split': 10, 'min_samples_leaf': 2, 'max_features': 'sqrt', 'max_depth': 90, 'bootstrap': False}",-0.0017728926069500463,-0.0016447036578646646,-0.001905544340274935,-0.0016113652641833681,-0.002004584726992845,-0.001787818119253172,0.00015012485163046714,54,-0.00048064230140793906,-0.00048318220854615335,-0.00048296275891411214,-0.0004909651533529808,-0.00046309819752234977,-0.000480170123948707,9.220387703033689e-06
76,29.094897747039795,0.26582995701255197,0.7992919445037842,0.004811243908182272,1600,10,1,sqrt,,True,"{'n_estimators': 1600, 'min_samples_split': 10, 'min_samples_leaf': 1, 'max_features': 'sqrt', 'max_depth': None, 'bootstrap': True}",-0.0017433040271045864,-0.001621605532607484,-0.0018752467619131614,-0.001578471895867154,-0.001976458989845445,-0.0017590174414675662,0.0001500104796445095,26,-0.0007644769113975719,-0.0007744528209008945,-0.0007556539992359393,-0.0007805306423594149,-0.0007370034328355526,-0.0007624235613458747,1.528918323095978e-05
77,40.62165150642395,0.321886598475317,1.1617817401885986,0.04454029326046648,2000,5,1,sqrt,100,True,"{'n_estimators': 2000, 'min_samples_split': 5, 'min_samples_leaf': 1, 'max_features': 'sqrt', 'max_depth': 100, 'bootstrap': True}",-0.0017540903943376468,-0.0016328397444001195,-0.0018841122343680968,-0.0015845571562784321,-0.0019834626264717435,-0.0017678124311712076,0.00014967903473892994,30,-0.0004779735630565997,-0.00048325800522619114,-0.00047411729623547737,-0.0004886101551153463,-0.00045968393331804726,-0.00047672859059033233,9.825415891738737e-06
78,10.572196435928344,0.014431944778696658,0.26552658081054686,0.005997508360365909,1000,5,2,sqrt,10,True,"{'n_estimators': 1000, 'min_samples_split': 5, 'min_samples_leaf': 2, 'max_features': 'sqrt', 'max_depth': 10, 'bootstrap': True}",-0.0017151150116408412,-0.0015912511609594746,-0.0018419936318411648,-0.001552951596500915,-0.0019522019277847355,-0.001730702665745426,0.00015015508115518364,4,-0.001403211044013744,-0.001423324513962207,-0.0013904896804191685,-0.0014437474040787813,-0.0013493959951473133,-0.0014020337275242427,3.1933400590320885e-05
79,8.165688514709473,0.1257562294265033,0.09624333381652832,0.0014693505449217166,200,5,4,auto,80,True,"{'n_estimators': 200, 'min_samples_split': 5, 'min_samples_leaf': 4, 'max_features': 'auto', 'max_depth': 80, 'bootstrap': True}",-0.001758563121562554,-0.0016412353915184316,-0.0018916031220500235,-0.0015893720496613865,-0.0019997201502719754,-0.0017760987670128743,0.00015278106883199788,42,-0.000802970016818852,-0.0008139781631266457,-0.0007971573809082173,-0.0008217380186820178,-0.0007739989045827126,-0.0008019684968236891,1.6379951452886645e-05
80,114.72003002166748,5.545073184945284,0.7913100719451904,0.012099451817924857,2000,2,4,auto,60,False,"{'n_estimators': 2000, 'min_samples_split': 2, 'min_samples_leaf': 4, 'max_features': 'auto', 'max_depth': 60, 'bootstrap': False}",-0.0027846312258074423,-0.0025225158130283507,-0.002871225389478389,-0.002544959239189052,-0.0028332218636628204,-0.002711310706233211,0.00014773439484551073,87,-0.000789529567661054,-0.0008104902616393531,-0.0007676166051823277,-0.0008072203133699098,-0.0007633204350437187,-0.0007876354365792726,1.950113366017262e-05
81,25.732653045654295,0.3774946138570196,0.2897317409515381,0.009035528177153107,600,10,2,auto,100,True,"{'n_estimators': 600, 'min_samples_split': 10, 'min_samples_leaf': 2, 'max_features': 'auto', 'max_depth': 100, 'bootstrap': True}",-0.0017600439352355817,-0.0016393967182880094,-0.001891593087100331,-0.0015918824075661028,-0.0019962942635253222,-0.0017758420823430696,0.00015146322329762,41,-0.0007429576564458335,-0.0007527148466089617,-0.0007373680043207177,-0.0007617640551479258,-0.0007136321901931002,-0.0007416873505433077,1.6322023087911368e-05
82,40.815301704406735,0.636703197270304,0.48056731224060056,0.007165475513478046,1000,5,4,auto,100,True,"{'n_estimators': 1000, 'min_samples_split': 5, 'min_samples_leaf': 4, 'max_features': 'auto', 'max_depth': 100, 'bootstrap': True}",-0.0017600431617246272,-0.0016401416770960068,-0.001883765306543759,-0.001588253902348202,-0.0019946226656877256,-0.0017733653426800643,0.00015055578761669742,37,-0.0007973217344097247,-0.000807645002579798,-0.0007927765307445842,-0.0008182212632850202,-0.0007680072805620628,-0.000796794362316238,1.686395948192433e-05
83,54.67294092178345,2.1438703673916923,0.425051212310791,0.005578137851589104,800,10,2,auto,,False,"{'n_estimators': 800, 'min_samples_split': 10, 'min_samples_leaf': 2, 'max_features': 'auto', 'max_depth': None, 'bootstrap': False}",-0.002881280918087984,-0.002692442384031225,-0.0030461611434129438,-0.002594073085800589,-0.0030901953940384716,-0.002860830585074243,0.00019333287213246583,93,-0.0007128668250085977,-0.0007553947100100456,-0.0007242931134617078,-0.0007371009339331949,-0.0007009840232573001,-0.0007261279211341692,1.891238076542292e-05
84,20.186974668502806,0.39886981521541365,0.4183667182922363,0.005569488780462482,800,5,4,sqrt,70,False,"{'n_estimators': 800, 'min_samples_split': 5, 'min_samples_leaf': 4, 'max_features': 'sqrt', 'max_depth': 70, 'bootstrap': False}",-0.0017583161071414268,-0.0016394711957372205,-0.0018975231940644953,-0.0016050748659430058,-0.001997637423824526,-0.0017796045573421349,0.00014966249101194666,49,-0.0005809700932754986,-0.0005874169227328906,-0.0005812818254284989,-0.0005961353191884723,-0.0005606719054749719,-0.0005812952132200665,1.1688719152012452e-05
85,16.574174022674562,0.2708581841035616,0.3350995540618896,0.005356290788863159,600,10,1,sqrt,40,False,"{'n_estimators': 600, 'min_samples_split': 10, 'min_samples_leaf': 1, 'max_features': 'sqrt', 'max_depth': 40, 'bootstrap': False}",-0.0017777608801295027,-0.0016496686108219772,-0.0019232891564171534,-0.001616647922375367,-0.002007769981446887,-0.0017950273102381772,0.00015162917427542387,62,-0.00037514737071357317,-0.00037400057562367984,-0.0003751831976267563,-0.0003825880115072628,-0.00036231924767967587,-0.00037384768063018954,6.523715612673634e-06
86,8.083212518692017,0.07027085168307588,0.2285475730895996,0.003978544492217345,400,5,1,sqrt,100,True,"{'n_estimators': 400, 'min_samples_split': 5, 'min_samples_leaf': 1, 'max_features': 'sqrt', 'max_depth': 100, 'bootstrap': True}",-0.0017531086192194073,-0.001633203655866445,-0.0018887192881791972,-0.0015853748684507634,-0.001987039707626092,-0.0017694892278683808,0.0001511847858376606,33,-0.0004788583960582641,-0.00048616846868298173,-0.00047462662320432665,-0.0004910612246908532,-0.0004611050101853062,-0.00047836394456434643,1.0336482849182853e-05
87,26.770653629302977,0.32982867964020113,0.7466713428497315,0.011350090416067066,1600,2,4,sqrt,80,True,"{'n_estimators': 1600, 'min_samples_split': 2, 'min_samples_leaf': 4, 'max_features': 'sqrt', 'max_depth': 80, 'bootstrap': True}",-0.0017345409651781452,-0.0016133724913775557,-0.0018641046093862475,-0.0015688053052330278,-0.0019770825119978692,-0.001751581176634569,0.00015251977171658608,14,-0.0009440507492023186,-0.0009582149271281581,-0.0009327435433500052,-0.0009667203210353914,-0.000908165266742214,-0.0009419789614916173,2.053627355388359e-05
88,13.095933389663696,0.15437432777161525,0.36230764389038084,0.0059012017518983734,800,10,4,sqrt,100,True,"{'n_estimators': 800, 'min_samples_split': 10, 'min_samples_leaf': 4, 'max_features': 'sqrt', 'max_depth': 100, 'bootstrap': True}",-0.0017370416983573443,-0.0016152445809665336,-0.0018603781136376752,-0.0015697693444920555,-0.0019748633360540248,-0.0017514594147015265,0.00015069587130400898,13,-0.000990271350612781,-0.0010066512580908283,-0.0009793650934577529,-0.001013767262548078,-0.0009530995896711707,-0.0009886309108761222,2.1482971352419572e-05
89,10.478344011306763,0.0572587952912893,0.2653679847717285,0.004852358619235118,1000,10,2,sqrt,10,True,"{'n_estimators': 1000, 'min_samples_split': 10, 'min_samples_leaf': 2, 'max_features': 'sqrt', 'max_depth': 10, 'bootstrap': True}",-0.0017120662057072986,-0.0015889529122194758,-0.0018412764117247775,-0.0015529602070060338,-0.001954749408270196,-0.001730001028985556,0.00015129687807175505,1,-0.001448248398479766,-0.001468156799314416,-0.001431821752985873,-0.0014869516709562947,-0.0013890623116689074,-0.0014448481866810516,3.3494202713214265e-05
90,10.896166133880616,0.09910096176306468,0.2990919589996338,0.008075973223512542,600,10,1,sqrt,110,True,"{'n_estimators': 600, 'min_samples_split': 10, 'min_samples_leaf': 1, 'max_features': 'sqrt', 'max_depth': 110, 'bootstrap': True}",-0.0017462439401614023,-0.0016211091253987052,-0.0018717700361407222,-0.001578236070812161,-0.001976927626766285,-0.0017588573598558554,0.00014970747361735376,25,-0.0007641564651604356,-0.0007749000318888692,-0.0007570983394676477,-0.0007854456588131267,-0.0007379154070953634,-0.0007639031804850886,1.6166282772894605e-05
91,47.22608308792114,2.443875317242117,0.8864431858062745,0.07605114114030476,2000,5,4,sqrt,,False,"{'n_estimators': 2000, 'min_samples_split': 5, 'min_samples_leaf': 4, 'max_features': 'sqrt', 'max_depth': None, 'bootstrap': False}",-0.0017581141455481838,-0.001638753598170559,-0.0018944735837366279,-0.0016032218232462012,-0.001998153026206396,-0.0017785432353815936,0.00014990956862855374,46,-0.0005809928635109433,-0.0005873498363680097,-0.0005810099651863471,-0.0005952904037597675,-0.0005600362318148626,-0.0005809358601279861,1.1696112334073742e-05
92,16.193041133880616,0.18849907923512466,0.4562102794647217,0.004950406709360752,800,5,1,sqrt,40,True,"{'n_estimators': 800, 'min_samples_split': 5, 'min_samples_leaf': 1, 'max_features': 'sqrt', 'max_depth': 40, 'bootstrap': True}",-0.0017539894319120056,-0.001633987761784123,-0.0018811245871461605,-0.0015851671753869608,-0.001987088824472913,-0.0017682715561404328,0.00014992006822169254,31,-0.00047930998703510244,-0.0004843672665575402,-0.00047470500052765465,-0.0004910431998758047,-0.0004582941755244235,-0.0004775439259041051,1.1050065468831881e-05
93,24.452180528640746,0.40975173971055273,0.28275599479675295,0.004842080712681627,600,2,4,auto,40,True,"{'n_estimators': 600, 'min_samples_split': 2, 'min_samples_leaf': 4, 'max_features': 'auto', 'max_depth': 40, 'bootstrap': True}",-0.001764064339443747,-0.00163613523316774,-0.0018843370896631097,-0.0015892248826082887,-0.0019937648773749707,-0.0017735052844515715,0.00015080908875602617,38,-0.0007986689323010666,-0.0008089404373059073,-0.0007937992369283389,-0.0008167473040767485,-0.0007669083094129673,-0.0007970128440050057,1.703566434375667e-05
94,15.086875343322754,0.2883533191283935,0.3148926258087158,0.0035538944882884155,600,2,4,sqrt,30,False,"{'n_estimators': 600, 'min_samples_split': 2, 'min_samples_leaf': 4, 'max_features': 'sqrt', 'max_depth': 30, 'bootstrap': False}",-0.0017576710990882605,-0.0016433092727740255,-0.001894757824876923,-0.001604356982816648,-0.0020011609947294283,-0.001780251234857057,0.0001497428679945653,51,-0.0005876287990387585,-0.0005912475413992594,-0.0005857314279197825,-0.000599723963607092,-0.0005620920431256238,-0.0005852847550181033,1.2551027926692325e-05
95,26.01308755874634,2.5473343709694363,0.18453574180603027,0.024536748554485895,400,10,2,auto,40,False,"{'n_estimators': 400, 'min_samples_split': 10, 'min_samples_leaf': 2, 'max_features': 'auto', 'max_depth': 40, 'bootstrap': False}",-0.0028810227180851686,-0.0026924752361785578,-0.0030463508353522255,-0.0025939625938785405,-0.0030904133023587524,-0.002860844937170649,0.00019344030436864971,94,-0.0007128668250085977,-0.0007553947100100456,-0.0007242931134617077,-0.0007371009339331949,-0.0007009840232573001,-0.0007261279211341692,1.891238076542292e-05
96,32.212042284011844,2.0110779259512404,0.18269615173339843,0.006440711673064689,1000,2,1,auto,10,False,"{'n_estimators': 1000, 'min_samples_split': 2, 'min_samples_leaf': 1, 'max_features': 'auto', 'max_depth': 10, 'bootstrap': False}",-0.002247113671107299,-0.0018545834901035607,-0.002159001770899629,-0.0018536588442453893,-0.0024962488761524223,-0.00212212133050166,0.00024519513660774944,80,-0.0013460055369677291,-0.0013977674499248537,-0.0014095962097980172,-0.0014243740962744714,-0.0012973949924999463,-0.0013750276570930037,4.6938828580247014e-05
97,12.119922590255737,1.1718409395371854,0.09121379852294922,0.013453943718489687,200,5,4,auto,100,False,"{'n_estimators': 200, 'min_samples_split': 5, 'min_samples_leaf': 4, 'max_features': 'auto', 'max_depth': 100, 'bootstrap': False}",-0.0027849268111499277,-0.0025227180840223617,-0.002871234158625521,-0.0025446456364768746,-0.002833125419433902,-0.002711330021941717,0.00014776879687140764,88,-0.0007895295676610539,-0.000810490261639353,-0.0007676166051823277,-0.00080722031336991,-0.0007633204350437186,-0.0007876354365792726,1.9501133660172664e-05
98,29.481659936904908,1.9685086132536926,0.7924161911010742,0.01524264817196288,2000,2,2,sqrt,20,True,"{'n_estimators': 2000, 'min_samples_split': 2, 'min_samples_leaf': 2, 'max_features': 'sqrt', 'max_depth': 20, 'bootstrap': True}",-0.0017404180036909036,-0.0016200909709043565,-0.0018695197681314697,-0.0015769161413951831,-0.001976809893509487,-0.00175675095552628,0.00014995067080127953,23,-0.0007079417232668386,-0.0007046344020862066,-0.000701833697903054,-0.0007217736017349903,-0.0006543249960157267,-0.0006981016842013632,2.2935513102016844e-05
99,64.89178242683411,1.5714234790597168,0.7382834434509278,0.0077809116711454115,2000,10,2,auto,40,True,"{'n_estimators': 2000, 'min_samples_split': 10, 'min_samples_leaf': 2, 'max_features': 'auto', 'max_depth': 40, 'bootstrap': True}",-0.0017651034334277564,-0.001641022769159608,-0.0018909034501721693,-0.00158661292428583,-0.0019911445554348143,-0.0017749574264960357,0.00015079098133053236,39,-0.0007410081315131781,-0.0007522600893577423,-0.000736882405875765,-0.0007604079281095646,-0.000713868469835445,-0.0007408854049383389,1.5852231403011915e-05
